comment,label
Mantap. Akhirnya bisa login pakai biometrik,
Aplikasi nya lengkap bangetğŸ‘,
"Welma gabungin aja sama myBCA , 1 Aplikasi untuk semua kebutuhan",
BCA selalu berkomitmen menjaga kerahasiaan penggunanya.saya bangga telah menggunakan kartu BCA.,
Verifikasi diri melalui Halo BCA tidak bisa,
SETELAH DI UPDATE MALAH GK BISA LOGIN KATANYA TIDAK ADA INTERNET UDH PAKE INDIHOME PAKAI PAKET DATA MASIH GK BISA LOGIN,
"login make acara telp aktivasi hallo bca, ribet parah",
bca the best bagi gua untuk transaksi,
Aplikasi mempermudah transaksi saya,
"Akhirnya login biometric sdh direlease, mantul..",
Gagal masuk sms gagal vrifiksi,
Lumayan Sangat Membantu,
mohon tambahkan fitur hapus rekening favorit,
Mau log in kok bolak balik kirim sms,
"Mau login masa tiba"" ID BCA Terblokir aneh",
Kok gk bisa verifikasi nomor atm nya ?,
Terima kasih sanggat membantu,
Mode gelap dong. Silau kalo putih,
Harus selalu di abdate ya,
Nggak bisa masuk menu di suruh SMS terus,
"Mantap tampilan lebih bagus, Ditunggu update nya",
Tolong untuk transfer tidak usah daftar pakai sms seperti BCA Mobile... mohon di tingkatkan lagi,
"Tiba2 harus reset password, ga bisa login",
tambahin sidik jari saat login. biar ga ngetik password saat loogin,
Paket kumplit semua rek bisa dioperasikan dlm satu aplikasi,
Kecewa banget saya masa vertifikasi selalu gagal dan sudah gitu pulsa saya berkurang garaÂ² vertifikasi gagal terus,
"Tambah dong masuknya pakai sidik jari,,biar gak haru ngetik",
Kalau bisa biar bisa isi flash... ğŸŒŸ 4 dulu,
bagus dan berguna,
"Susah banget sihh mau dapat SMS dari 69888,sudah tanya Ke Halo BCA sama aja tetap gk bisa.",
"Tidak bisa registrasi, Saat isi nomor kartu cuma loading doang tidak kunjung selesai",
"verifikasi nomer ktp sudah saya input dengan BENAR WOI UDAH BENER BACA INI WOY, namun sistem membaca nomer ktp salah. mohon diperbaiki",
"Mau login aja kagak pernah bisa, terus buat apa coba",
"Kemaren bisa d pake, knp sekarang gagal terus kirim verifikasi sms nya",
Apk gaguna mau login aja dipersulit udah masukin no malah muter muter gabisa masuk,
ko selalu dlm pemeliharaan terus ya jd ga bs login,
"Tolong tambahkan login dengan sidik jari, ribet harus masukin password terus",
"Jadi males, keseringan pemeliharaan sistem",
Praktis dan prosesnya cepat,
"aplikasi dendam pribadi kayanya, masa baru masuk langsung di blokir padahal password benar",
Tambah daftar transfer jangan pakai SMS dong ya....please deh,
"lupa pasword 3x, langsung diblokir. ngaktifin lagi harus telpon cs. pulsa 20rb langsung habis ğŸ˜”",
Sudah bagus tapi harusnya buat keluhan adain via chat gak musti telpon hallo bca terus,
"Mau verivikasi myBCA aja harus nunggu di telpon balik, udah 2 hari belom ada yang telpon. Mengecewakan banget...",
"Keren aplikasinya, inovatif dan kreatif ğŸ‘",
Disaat semua serba digital MYBCA masih Pake Telpon Atau Ke Kantor cabang untuk mengaktifkannya KEREN..,
Udh download tp g bs buat id udh krim sms aktifasi berkali-kali msh g bs,
Mantap membantu sangat tanpa ribet ke bank lagi buat cek mutasi yang lalu.,
"Aplikasi sampah... ribet buat verifikasi aja susah minta ampun.. udah nelpon ke cs, minta tunggu di telepon balik... gw bukan penggangguran bos... bisa angkat telpon kapanpun kalian mau",
Layanan Bi fast masih belum tersedia,
e statement saya tidak keluar dibulan juni juli dan agustus,
Udah kirim sms 5x masih belum di konfirmasi. Apakah tidak bisa menggunakan nomer Malaysia untuk mengirim sms tolong lah di konfirmasi.,
Layanan cepat dan tepat sangat memuaskan...,
Apliksa sangat ribet. Tiap masuk harus konfirmasi sms,
Aplikasi apa log out sendiri dan log in minta SMS lagi habis habisin pulsa aja,
Selalu minta aktivasi ulang tidak seperti bca mobile,
Aplikasinya masih belum selengkap mbca segera di update lg supaya dapat ambil uang tanpa ATM seperti mbca,
unfaedah ga berguna bikin pulsa habis sudah aktivasi balik aplikasi error terus,
Tolong tambahkan login fingerprint biar gak repot ketik password,
Tambahkan fitur billing statement untuk CC,
"Masih blm bisa di android 0S 12,berasa ga canggih ğŸ¥¹",
Sangat mudah di gunakan,
Ribet dan lama nunggu verifikasi datanya. Tidak semudah BCA Mobile,
Semoga fitur finger scan sudah ada. Karena memudahkan untuk login. Soalnya bank tetangga sebelah sudah melakukannya.,
Semakin di perbaharui malah sering log out trus login pake pulsa lagi ah malah tambah susah pake my bca,
Best off the best min.pertahankan untuk Indonesia kita tercinta ini.trus berkarya lbh baik lagi dan kasih yg terbaik untk Indonesia kita tercinta.2021.full bintang.,
"Bagus aplikasi nya, cuma belum ada fitur Cardless",
Sangat memuaskan!,
Nungguin verifikasi lama banget. Kenapa gak kayak mBca aja flow nya lebih cepet.,
Berkali2 daftar kendala di email.. email udah benar masih aj salah hadeh...,
"MY BCA udah keren, hanya msih kurang belum ada menu cardlessğŸ˜Š",
"Setelah di update saya tidak bisa masuk akun my bca saya, data diri tidak sesuai",
"Kurang lengkap tanpa TRANSAKSI TANPA KARTU, TARIK/SETOR dan Lengkapi FITUR NOTIFIKASI",
Udh capek2 kebank antri ngurus MyBca keblokir ujung2 ttp hrs tlp ke HalloBCA. Sampe capek tlp ke hallobca gara2 keblokir terus.. g ngerti nulis password udh sangat jelas dan bener tp ttp aja ke blokir!! Tolong perbaiki lg aplikasinya.. sy butuh myBCA krna pnya 2 rekening jd susah mau transaksi.,
Masih versi awal... Cukup baguslah... Kasih bintang lima dulu... Tunggu update nya...,
"Mantap, semoga fitur fingerprintnya segera hadir",
Samgat membantu sekali aplikasi ini dan saya suka sekali fitur2nya samgat informatif ğŸ‘ŒğŸ‘,
"Saya kira selama ini BCA bisa memberikan pelayanan yg baik, kali ini saya kecewa, saya mau login kembali karena ganti perangkat di id saya tapi harus aktivasi. Sementara saya diminta untuk menghubungi Halo BCA, setelah saya hubungi saya diminta menunggu untuk ditelpon tapi tidak ada yg menghungi saya karena alasan operator bermasalah. Saya sampai kasih nomor saya yg lain tetap tidak ada menghubungi. Sudah 5 kali saya buat laporan hasilnya sama dan yg terakhir tidak ada kabar lagi dr pihak BCA.",
"Udah habis pulsa 18000 buat nelp ke 1500888 untuk aktivasi.. Masih disuruh nunggu 2hari kerja... Kalah sama Mandiri proses cepat, sangat menghambat",
Harus pakai SMS berbayar dan internet dari SIM 1 sungguh merepotkan.. Ada info yg lagi viral bahwa yg punya rekening tp tidak punya myBCA jadi mudah diretas..,
Kenapa tidak bisa login cek Saldo dan transfer selalu hubungi hallo BCA,
Tolong tambahkan fitur Login menggunakan sidik jari dan tambahkan simpan user ID. Jika sudah ada saya kasih bintang 5,
"Saya sdh punya rekening bca,mau daftar my bca mala gak bisa padahal sdh isi dan buat bcaid mau tekaj setuju untuk mengikuti ketentuannya mala gak bisa",
Tolong tambahkan notifikasi uang masuk dan uang keluar.,
Buagus .... Lebih buagus jika bisa transaksi e-commerce nya sekalian... mantap,
my BCA pelayanan sangat baik dan ramah,
Bagus bangett.. lebih bagus dr mbca fitur2nya.. ğŸ˜,
Engga bisa login padahal udah sering kirim pesan,
"Tambah fitur login dengan sidik jari, please.",
halo bca kenapa my bca saya selalu muncul (my bca di hentikan ) sedangkan saya sudsh coba instal ulang my bca nya sama saja mohon di tanggapi trimakasih.,
"Aplikasi bagus dan simple, di tunggu update nya ,,",
Verifikasinya membuang banyak pulsa. Sangat sulit,
Kapok saya bikin M-Banking BCA Via sales BCA.. Sandi nya bisa berubah tidak bisa masuk / membuka M-Banking Padahal saya tidak pernah ganti Sandi / PIN Tabungan saya selalu berkurang terus..!! Mendingan tidak usah ada sales utk bikin M-banking Ngerusak citra BCA,
"Ini kedepannya bakal jadi pengganti BCA Mobile kah? Keren UI nya menarik dan designnya oke, good job BCA",
"Cepat,aman dan terpecaya",
Sangt membantu dan mempermudah ber transaksi,
Sangat terbantu sekali. Semangat terus dan sukses terus ğŸ’ªğŸ’ªğŸ’ªğŸ¤ğŸ¤ğŸ¤,
"Masih sering trouble, semoga segera ada pembenahan software",
"Kalau gak bisa bikin aplikasi, jangan memaksakan.. apalagi sampai menyusahkan orang banyak..ğŸ¤¦â€â™‚ï¸",
"Harus nunggu telpon , udah ke 3 kali nya belum ada telpon, di cancel terus laporannya .",
Tolong tambahkan fitur CARDLESS untuk tarik dan setor tunai. Terimakasih,
baru sekali input paswod uda kena blokir... salah juga enggak... apk aneh,
"Aplikasi sampah ribet banyak verif, dan proses lama",
Kenapa menu untuk lihat saldo & isi ulang Kartu Flazz kenapa tidak ada?,
"Aktivasinya ribet , saya telfon hallo BCA sampe pulsa habis belum selesei juga prosesnya .",
Belum update lagi gan.. QR nya belum bisa di pakai?,
"Simpel login nya juga kenapa gak semua disini ajh, ayo cepet update nya",
"Transfer ke BCA Syariah kenapa tidak bisa? Dan umpama bisa juga harus pakai biaya, padahal klo transfer lewat bca mobile bisa dan tidak ada biaya admin",
Belum bisa login menggunakan finger print,
"susah telp 1500888, busy terus. Sdh 1 jam nunggunya",
"Bete lama lama pake mybca, keblokir terus id atau pass nya, pdhl baru sekali masukin pass salah di hari itu, masa iya baru kemarin telp buka blokir, eh hari ini baru mau buka udh ke blokir lagi, bentar bentar blokir ribet ngabisin pulsa, ga sedodol itu kali gue masa iya masukin pass salah berkali kali, bertahun2 pakai MBCA ga gini2 amat! dibenahin lagi yg bener aplikasinya",
Memudahkan terutama untuk yg mempunyai lebih dari 1 rekening BCA.,
"Aplikasi sampah, selalu gagal login",
"Ga usah pada downlod, kecewa dengan pelayanan verifikasi yang ribet. Ga niat, respon lambat. Mending ga usah donload kalo kaya gini. Bikin kecewa sebagai pengguna bca yang 6 tahun jd konsumen bca",
"Terlalu lamaa untuk aktvasi shrs y sudh aktvsi d sms itu hrus aktf , ini aktvasi sms pulsa hbs bbrpa x aktf gak , hrus nlpn jg k hallobca lama",
Kalo mw buka aplikasi trus mw transaksi.apakah pake data kuota/pls biasa.????,
Apliasi ga guna baru mw di pake login aja blm udah di blokir aja aplikasi sampah ID udah bener baru sekali masukin lngsung kblokir assuuu,
"aplikasi my bca mata duitan, boleh jadi ratingnya masih dibawah 4. udah ane uninstal.",
smoga aplikasi nya lancar nyaman di pake,
Ngabisin pulsa berkali kali udh ngirim pesan aktivasi masih ngga aktif aktif,
Cepat dan lengkap,
"Mau daftar, pas masukin nomer kart ATM malah ga bisa",
Pelayanan sangat memuaskan,
"Selalu ke log out, pulsa jd hbs",
setelah 2 minggi gk dipakai gk bisa dibuka,
"Saya tidak setuju apk bca mobile jadi tidak kompetibel di hp samsung j1 mini , merepotkan saya saja sungguh kecewa",
Longin gak bisa2 sampai pulsa habis,
Kok gak ada menu menampilkan qr code kita ya kayak di bca mobile?,
Mau daftar tapi susah terus...,
"ribet banget verifikasi buat masuk mybca aja harus nunggu ditelpon sama bank bca nya , padahal menurut saya solusi lain ada loh misalnya telp cs langsung dibuka kaya oneklik gak usah nunggu harus ditelpon balik , ribet",
"Background BCA di file waktu di print malah nutupi tulisan semua nya, polos aja, gk usah background",
Aku tiba2 ke blokir 2x. Ini kenap ya? Gak pernah salah masukan password padahal,
Sangat membantu dalam bertransaksi keren mantap bca,
Bisa transfer lebih besar dari pada m-banking,
"Susah sekali download, berkali2 tetap nggak bisa.",
Sulit saat registrasi,
"aplikasi gak jelas, mau registrasi gak bisa2",
"Tolong info min, apakah kalau saya gunakan aplikasi ini harus log out dari bca mobile saya, sebab saya perlu aplikasi ini karna sudah mendukung BI fast,dan cara login nya itu apakah seperti bca mobile jug?",
My bca aplikasi yg sangat membantu bgt.. Dalam 1 aplikasi bisa sampe lbh dari 1 no rekening.,
"Kurang lengkap semoga ada uodate biar fitur"" nya terbuka",
Gak bisa ubah BCA ID saya salah huruf.. masa ga bisa di edit sih,
Mantap terus berinovasi dan selalu update sukses terus BCA,
Saran tolong di update aplikasi nya biar ada fitur menu Tarik tunai nya tks,
terllu lemot buka apk nya..bagus sih bavus bisa nampilkan beberapa rekening cuma ya gt buka apk trllu lelet,
Kenapa baru bisa transfer aja ? kenapa fiturnya ga kayak mbca ?,
Wow keren sangat suka sekali ini yang ku tunggu best innovation dari Bank BCA Indonesia thanks,
Bagus dan tdk usah keluar ke atm utk transfer atau lihat,
"Cukup ok dan memberi kmudahan,trima kasih",
Gmn nih mau msk suruh update trus .sdh diupdate ga bs msk2,
"ribet,... bertele-tele aplikasi gk bisa digunakan",
Kok tiba2 di blokir. Pdhal sdh bener ID ma pswrd nya. Pulsa abis buat SMS,
"Kesel banget sama aplikasi BCA ini, gara2 ganti hp, ribet bngt udah ke cabang disuruh telepon ke halo bca, udh bisa login harus aktivasi financial. Jadi 3x kerja bikin emosiii gk kaya aplilasi mbangking lain.",
"Aplikasi tidak sesuai janji, deposito ga cair2",
Jelek bangetttttt..Asli emosi gue .Pulsa habis buat urusnya dari pihak SMS bilangnya SMS udh diterima tapi tetap aja gagal. Benci gue pake ini..MAHAL JUGA TAPI GA GUNA,
Baru makai dah puas banget. Makasih mbak bca nya yang ngasik tau tentang aplikasi ini. My bca I like....,
Scan dan input gambar qris belum bisa,
"Sangat membantu, Terus tingkat pelayanan lebih my bca",
Aplikasi crash setelah update versi terbaru.,
Sesusah itu buat registrasi di mybca ?? Tiap kirim sms gabisa truss,
"Beberapa kali masukin pin malah pin salah,padahal udah bener. Ujung"" nya malah bca moble saya terblokir...gimana nih..tolong solusi y.",
Tolong ditambahkan login via sidik jari juga,
waduh masih banyak bugnya nih,
BCA mantap transaksi cepat,
"Susah banget ini ma, verifikasi nya lama udah telpon suruh nunggu antrian sampe abis pulsa hadeuh",
Sangat membantu...rekening keduanya .bisa..muncul..mantap..,
Trima kasih sangat membantu bisnis saya.,
Sudah seminggu an tiap hari kirim SMS buat login.,
"Super kereeenn, ditunggu cardless nya..",
Asik di suruh login dan aktivasi ja. Gak bs masuk ke app nya,
Gimana bosssss login gak bisa gagal teroooooooz 3 tahun lalu aplikasi perbankan bank plat merah yang KUNO dan bca inovator nya Tapi sekarang yang KUNO sistem aplikasi perbankan BCA kalah sama LiVin brimo atau bni mobile banking Kenapa ya makin lama makin tertinggal bos ente,
Sangat terbantu gak harus ke teller buat print out,
Bagus dan bermanfaat banget untuk online,
bisakah setiap masukan no rekening baru tanpa sms.,
Kasih 3 dulu fiturnya belum terlalu lengkap,
"Aplikasi mobile banking paling buruk diantara semua bank, masa tiap dibuka harus kirim SMS lalu telepon ke halobca. Saya sarankan BCA belajar dulu ke Bank mandiri dan BNI.",
"Kendala Hanya saat login saja ID Diblokir padahal baru saja buat ID BCA nya Dan di Riwayat Transfer Tolong update dilengkapi dengan tanggal bulan jam menit nya, Terimakasih",
Mantap... memudahkan n cepat transaksi,
"Bagus, kalo bisa tambahin cardless dan fitur lainnya seperti mBanking",
Untuk bayar pajak impor belum ada,
"Gak ngerti lagi sama BCA, selalu memberikan kenyaman bertransaksi bersama BCA. Memudahkan setiap pelanggan setia BCA. Sukses terus BCA ğŸ‘ğŸ‘ğŸ‘ğŸ‘ğŸ‘",
Verifikasi sampai 3 kali masih belum bisa di akses....... ğŸ˜” Apa harus ke bank lagiğŸ™„,
Tolong segera aktifkan pembayaran scan qris/input gambar qris dengan icon gambar atau galeri,
"Lumayan bagus cuma masih ada kekurangan dibanding BCA Mobile, spt info KK, lifestyle, info RDN, info Reksadana",
Aplikasi perbankan yg aman dan fiturnya lengkap,
Setiap kali di update Id nya di blokir ...dan blokirnya harus tlp ke 1500888 haduhhh sekarang juga abis di update di blokir lagi id nya,
"Kenapa harus verivikasi lagi ke halobca, ribet auto uninstal",
Alhamdulillah simple dan lebih komplit,
Susah bgt mau login. Malah kirim sms verifikasi mulu. Ngabisin pulsa terooosssss,
"Mau login aja pakai acara telpon segala, malah habis di pulsa hadeh. Kenapa BCA kok ribet gini ya? Ga seperti biasanya",
"Sy kasih bintang 4 dulu karna fitur yg ada di myBCA belum selengkap di BCA Mobile, saran saya mending semua fiturnya dipindahin aja dari BCA Mobile ke aplikasi ini karna untuk tampilan lebih bagus myBCA drpd BCA Mobile..",
Apl ini yg sya butuhkan selama ini.. 1 aplikasi bisa utk bbrp norek.. keren BCA..,
"Pantes pulsa habis, ternyata tiap otp ini aplikasi nyedot pulsa....sialll....udah gt gag bs dibuka, hadehhh...",
App sulit untuk daftar idcard aja sulit kenapa harus email bukan Gmail,
"Nice,,,tapi kurang lengkap fiturnya,,,",
"error gak bisa akaes, gua ikutan aktifin takut rekening dibobol",
"Aplikasi'a bagus cuman sayang ga bisa beli pulsa,,",
Akan lebih baik jika ada fitur pembelian dan pembayarn tagihan.,
Yah ulasan saya di hapus wkwk. Saya kn cuma berkata jujur kalo daftar di aplikasi ini ber ulangÂ² susah dan habis di pulsa!!!!! Jgn hapus!!!!!,
Pada bagian informasi rekening:mutasi rekening tambahkan tombol search biar makin paten applikasinya.,
Bagus mudah2n kedepan lebih bagus mengikuti perkembangan jaman,
"BCA Mobile tdk bs digunakan trus ganti dgn MyBCA krn perangkat tdk support, diinfo minimal perangkat android 5, padahal sdh android 7. Untuk MyBCA sdh aktifasi dgn Halo BCA, sdh ditelp dan diaktifkan, tp tdk bs melakukan finansial, saat input nomor ATM, diinfo harus sama, padahal sudah sama persis? Apa solusinya?",
Riwayat transaksi belum bisa ditampilkan,
"tidak bermanfaat, aktivasi berulang ulang salah id dan pass terus",
Layanan gak layak. Pulsa habis buat sms aja.,
"Kena biaya pulsanya gede banget, lebih baik mobile BCA... Klu ga kena pulsa saya kasih bintang 5 Terima kasih",
Betapa susahnya mengaktifkan myBCA tanpa ke bank. Harus nunggu telpon dari CS yang menelpon bukan disaat yang tepat.,
"Harapan kelengkapan dlm aplikasi terpenuhi Ditunggu, goodğŸ‘ Terima kasih ğŸ™ğŸ’•",
"Sangat membantu, terutama untuk deposito.",
Tingkatkan lagi seperti mobile bca tampilanya dan transaksinya,
"Good job,,jangan lupa tarik tunainya disertakan ya minğŸ¤—ğŸ¤—ğŸ¤—",
"Fitur login biometrix nya, mohon di tambah kan",
"Sangat membantu, lebih praktis dan ok",
"sudah sampe tahap kirim no. ATM, tp gak bisa lanjut gara2 sms susah sekali terkirimnya... hmmm.... kok ribet ya?",
Bagus Sih Kayak Livin Mandiri cuma tolong kalau mau masuk diberi Biometrik Sidik jarik / Face Id agar lebih Mudah,
"Bagus,perlu ditingkatkan lagi,maju terus",
Saya punya id welma.. Saya input tp SMS gagal padahal sudah saya ulang 5x,
"Min buka apk bank mandiri deh, namanya new Livin, bikin kaya gitu juga fiturnya banyak..",
"Ogut kena jebakan batman nih. Disuruh nunggu 2 hari proses oleh halo bca, tapi saya gak percaya bakalan selesai masalahnya. Let's see! Tadinya mau mindahin dana 3M dari bank lain ke bca, tp liat kondisinya begini saya jadi kuatir.",
"Gagal terus registrasi, habisin pulsa aja. Selalu tulisan muncul sudah ada BCA id ...",
"Dengan BCA mobil transaksi dengan jumlah cukup besar gak perlu ke bank , saya pernah transfer 50 jt tidak harus ke bank cukup lewat hp saja .....trims BCA",
Sangat memuaskan,
"top, terdepan dalam inovasi, rekomendasi untuk app pendamping mobile banking",
"Lebih simple,, tapi sayang tidak bisa tarik tunai",
Nyaman sangat mudah di gunakan,
Tidak aman memakai aplikasi ini hati-hati punya saya bisa di akses orang lain dan dia menunjukan saldo saya,
Aplikasi ngabisin pulsa doang w nasabah bca mobile.. Beralih ke my bca malah ribet gini w dah aktipasi setiap masuk kirim pesan dah kirim pesan masukan sandi salah mulu ngabisin pulsa doang,
"Perkara salah id sekali, pas udh id bener mlah suruh SMS lagi ngabis ngabisin pulsa doang",
kenapa ga verifikasi dulu baru kirim sms? kalo user / password lupa kan biar ga rugi.,
Makin simple dan mudah,
"Dijamin bakal kalah saing sama bank digital seperti bank jago, linebank, Neobank. Sekarang my bca ribet kali mau pakai aplikasinya harus verifikasi via telpon. Biaya bulanan paling mahal.",
Susah amat sampe pulsa reguler abis....,
"Gembel ngabisin pulsa doang, abis dikirim sms malah gagal diulang lagi masih aja gagal",
"Ni kenapa apk tidak muncul di layar utama ,mohon penjelasannya tks",
"Sdh buat bca id,sdh aktifasi jg via email.knp u/login ja susah banget?harus aktifasi via sms",
Susah untuk login masuknya perlu verifikasi dulu ke halobca.,
"Jelek aplikasinya,, mau daftar aja ga bisa2",
Sekedar masukan min.. kalau bisa login nya pakai sidik jari dong ğŸ˜€,
Aplikasi menghabiskan pulsa... Minta sms trus menerus,
Tolong tambahkan fitur tarik tunainya,
"Daftarnya berjalan mulus, ga ada 5 menit udah jadi ğŸ˜",
"Feedback dari gw, mending apps BCA Mobile sama Welma digabungin aja ke MyBCA. Jadi bisa jadi Super Apps",
Sayang belum bisa transaksi tanpa kartu kaya bca mobile,
Keren fiturnya lebih canggib banget,
"Susah login, sdh reset sampai tlpon ke hallo bca msih nggak bisa login",
Sangat membantu saya dalam bertransaksi sehari-hari. Semoga bca semakin jayağŸ™,
Kalo ganti pasword susahnya setengah mati sampe ngabisin pulsa 25rb baru berhasil....,
"Usernae dan password kok salah terus,padahal sudah di isi dengan benar,,,kok terus kirim sms",
Makin mudah transaksi & teknologinya makin canggih,
"kecewa sama aplikasi ini, masak ganti smartphone harus verifikasi",
"Udah diperbarui ko malah gak bisa loginnn, coba lagi coba lagi terus.",
"Sangat bermanfaat, kedepannya lebih up-to-date.",
"Sebaiknya welma, vidi, mobile banking digabung menjadi mybca biar lebih praktis Aplikasi mybca udah ok banget",
Nice. Tingkatkan terus aplikasinya. ğŸ˜Šâ˜ºğŸ˜,
Udah habis 35rb pulsa gk bisa masuk juga...,
Min.. aku buka e deposito sudah berhasil dan terdebet juga tapi why sudah H+1 pas cek akun saya tidak memiliki rekening deposito min.. tapi kalau aku cek di mbca sudah terbentuk min no rek dan no bilyet nya . Please jawab ğŸ˜­,
"Jelas perlu banyak pengembangan dibanding aplikasi mobile banking lain, mohon segera diupdate sesuai dengan keluhan pengguna yang lain",
Update trus aplikasi nya agar memudahkan nasabah bertransaksi.. BCA is the best ğŸ‘ğŸ»,
"Halo min, saya tadi mencoba login akun bca id & password sudah benar. Tapi kenapa id saya malah terblokir? Gimana caranya buka blokiran nya? Mohon segera dibalas",
"terlalu ribet, tiap menambahkan nomor rekening tujuan baru harus kirim sms, berbayar pula",
Saya make lancar2 aja... tpi kenapa byk ngeluh ya kyknya msalah ada di hp klian ataupun jaringan,
Alhamdulillah aktivasi lancar walaupun harus nunggu di telp si Dia yg d bca... Terima kasih mybca,
Tolong tambahkan fitur log in pakai sidik jari/face id.,
Akun Tiba2 di Blokir Kan Aneh ğŸ¤¦ğŸ¤¦ğŸ¤¦ğŸ¤¦ . Tolong lebih di tingkatkan gy,
"Saya sudah dowload myBca,malah sudah berhasil ,tapi tiap login terus saja harus ada verivikasi diri anda lewat halo bca,dan itupun sdh saya lakukan,malah ID Laporabyapun sdh sy tulid kemudian katanya tunggu 2 hari kerja nanti ada yg nlp,tapi sampai hari ini sdh lebih dari 6 hari ga ada sama sekali yg nlp,saya jadi heran bank sebesar bca pelayananya jelek bikin kecewa saja",
Susah mau aktivasi nya butuh bbrp x .dan di ulang2 lagi.ujung2nya suruh ke kantor cabang terdekat .,
"Serba ribet, Eror tidak bisa buat transfer. Pembaruan malah erorr. Payah",
"Saya mengharapkan agar segera tersedia fitur yg ada di mBCA tersedia juga di myBCA, di myBCA belum begitu lengkap kaya mBCA dan adain juga fitur fingerprin jadi setiap mau masuk Ke MyBCA bisa gunakan Fingerprin agar mudah",
"Intinye jangan lemot Bae,, harusnye di permudeh ye, masih canggih technologi negara laen",
Bagusss bangetttt... Notif saldo masuk dan keluar dong min di bikinnn,
Aplikasi yg ngga bagus data bs bocor...ribet juga hrs verif2 diri kirim2 pulsa teros,
Keren dan mudah menggunakannya,
Ribet bnget pengen daftar.. Dulu gampang aja,
Simple dan memuaskan,
Sangat membantu..terutama menu trf,
menunya kurang komplit,
"Sering minta aktivasi via SMS, padahal aktivasi pertama sudah berhasil",
Praktis dan simpel,
"Rumit parah harus SMS inilah itulah.. langsung saya uninstall, mending yg sebelah aja",
"Fiturnya lengkap, ğŸ‘ğŸ‘ğŸ‘ğŸ‘",
Sudah registrasi sudah aktifasi email tp login masih di arahin ke sms lagi. Kenapa?,
"Kasih bintang 1 dulu aplikasinya jelek sering keluar sendiri apalagi kalo habis pembaharuan, hub Halo BCA katanya akan diproses 2 hari kerja oleh pihak terkait, setelah ditunggu 2 hari kerja sama sekali blm dihubungi pihak terkait, mungkin pihak terkaitnya lagi sibuk sekali ğŸ˜€ğŸ˜€ Setelah 2 hari nunggu tak kunjung ada kejelasan, hari ketiga nelp kembali jawaban sama suruh nunggu pihak terkait mau menghungi, bener bener aplikasi terburuk sepanjang masa",
"udah keambil pulsa nya malah gabisa2,adhh ampun ,kecewa bgtt dh",
"Ribet aplikasi lu, BRENGSEK . Gue kaga pindah2 device di anggap pindah2 Device.",
"Aneh. 3 aja, knpa gk di satuin sama m banking aja? Biar lbh praktis?",
"Ribet , pulsa dah habis 12.500 aktivasi belum jg kelar ,malah di suruh pakek aplikasi Wilmar ...... Ribet",
Lebih memudahkan bagi anda yg memiliki rekening BCA lebih dari 1 .. Mantap lah .. Kembangkan terus aplikasinya ğŸ‘ğŸ‘ğŸ‘ğŸ‘,
Kenapa setiap vertifikasi gagal terus nyedot pulsa doang kurang bagus,
"Kenapa verifikasi gak di 1 aplikasi saja, dan aplikasi lain juga, jadi gak ribet download saja sini",
Susah banget buat log in gagal terus,
Fitur Qris belum bisa di gunakan,
ga bisa di pake transfer.. tolong segera di perbaiki,
Lebih fresh dan lebih mudah... Kembangkan terus..!!,
"Suka banget pake mybca, fiturnya banyak, cara pakenya gampang kaya pake mbanking",
"Keren Banget, 1 Aplikasi untuk semua rekening",
"Jurjurly bgs pollll!!!,palingan sy cmn g bisa cara login wajar Rada bingung,tp sejujurnya kalau dh ngerti bgs la ni apk",
Tolong transaksi favorit bisa dihapus atau kita atur sesuai dengan kebutuhan kami,
Kenapa saat buat user id di bilang error terus?,
Fitur cardless bisa sangat membantu,
Update bayar pake QRIS min ğŸ™ğŸ» sama ada cardles biar makin simple,
Cara registrasi gmn bos uda coba bolak balik id gagal login apa harus ke bank..,
Sangat membantu dlm pekerjaan sehari2,
Sangat membantu kapanpun dimanapun BCA tetap yg terbaik,
"Udah registrasi, eeeh pas login suruh verifikasi dulu dgn cara nlp ke Halo BCA.. Buseeett... Ribet amaaat..",
"Tidak jelas, saya mau login tapi gabisa masuk",
"saran kalo bisa di kasih semua transaksi seperti mutasi dll, Jadi di M-banking bisa liyt Di myBCA juga bisa liyt Jaga2 klo setuasi seperti ini Sy jadi gabisa liyt mutasi dari pagi Banyak orang transfer Tpi belom muncul saldonya di myBCA Di m BCA malah parah ga bisa di akses",
Sangat membantu untuk proses kerja,
Mudah dan praktis,
"Dikit2 keluar sendiri. Musti login lagi. Butuh pulsa, ngabisin pulsa. Dah uninstall aja.",
Good smua lebih simple dan cepat dengan MyBCA,
Praktis dan mudah,
Bagus..tpi pakai sidik jari dong..biar gak ribet ngetik,
Kalo bisa verifikasi dibuat otomatis,
"Sudah download dan activasi,di suruh TLP halo BCA. Giliran masuki harus ferivikasi lg ke halo BCA.. Telp halo BCA lagi dan di bilang sudah berhasil activasi..giliran login suruh verifikasi lg..maunya apa coba..UNINSTAL",
"Hanya dapat lihat 1 rekening, tidak dapat lihat semua rekening meski 1 bank ...",
ngabisin pulsa padahal gaada problem di jaringan sama kartu atm tapi verifikasi sms gagal terus,
Hape di reset ulang. Aplikasi lgsg di blokir. Padahal butuh transaksi hampir setiap hari. Mau diaktifin lagi prosesnya belibet. Di ping pong. Ke KCP disuruh telp ke halo bca. Telp ke halo bca blg di KCP jg bisa. Yg bener siapa? Ini 1 perusahaan kan?!? Profesionalisme diperbaiki untuk bank yg sebesar BCA. Bukan pertama kali kendala di BCA. Semoga beneran dihubungin ya dalam 2/3 hari utk verifikasi ?!?! Petugas CS byk diem dan ga jawab dari awal. Berasa ngomong sama angin. Betul2 merepotkan.,
"aplikasi masih mentah, cuma buang - buang pulsa",
ini sudah aktivasi berkali kali kenapa tidak bisa masuk ???????,
"Mengapa hingga saat ini tidak ada fitur tarik tunai cardless ya, sebab saya sangat jarang pakai atm card sejak ada fitur cardless di bca mobile. Kalau bisa di gabung saja semua fitur bca mobile ke MyBCA",
"susah buat transaksi finansial,di suruh masukin no kartu ATM malah gak bisa",
Ok yg penting lancar gak bnyak gitu gini pendaftarannya,
Mantap aplikasinya dan nyaman sekali.,
"Halo knp gabisa dibuka ya ? Sebelum2nya bisa, bru ini gabisa dibuka diupdate jg gabisa dibuka",
Untuk apk myBCA nya sudah cukup bagus.. Hanya saja untuk pembukaan rek tahapan berjangka blom bisa di apk myBCA Semoga kedepan nya bisa melakukan pembukaan rek tahapan berjangka di myBCA,
"Gimana sih baru sekali login ke my bca,ID BCA nya keblokir...tolong di perbaiki dong.....",
HaLo BCA...?? Bisa logout trus minta verifikasi ulang itu jangan sering2. Pulsa lagi dong....hadeh,
ğŸ‘ğŸ‘ğŸ‘ğŸ‘aplikasi yg sangat keren futuristik banget,
"Fitur nya sdikit cma bisa buat tf, itu pun kalo tf k norek baru hrus sms dlu bayar pula.. Gk basgu",
Buat yang punya rekening bca lebih dari satu aplikasi ini sangat membantu...,
mau login kok terjjadi kesalahan terus ya,
"Tolong min ditambahin opsi dark mode, biar ga silaw pas dipakai malam hari. Terima kasih :)",
"Kalo bisa buat opsi untuk menghapus riwayat transaksi, berikanlah kebebasan untuk menghapus.",
"aplikasi jelek tidak bisa masuk,",
Tolong tambahkan icon gambar dalam scanner untuk input gambar qris dari galeri hp,
Susah banget registrasi nya mana pulsa nya nyedot bgt lagi,
"Tampilan aplikasi ini lebih menarik dari pada Mbanking BCA, tapi sayangnya masih minim akses yang ditawarkan.",
Mudah dan praktis,
"Sudah berbulan"" mau register ga bisa"" padahal tinggal proses vertifikasi",
Sangat kecewa baru didaftar lgsg diblokir suruh telpon 150888 udah telpon nunggu di telpon balik 2 hari kerja.percumah dong hub 150888,
Tambahkan QR Code dan jangan pakai sms jika menambahkan rekening baru untuk transfer seperti mBCA... Sukses selalu ğŸ‘,
Login bolak-balik ke awal terus...,
Tolong ditambahin fitur akses masuk dan transaksi melalui konfirmasi menggunakan finger print / face id karena sudah banyak bank sudah menggunakan fitur tersebut demi keamanan transaksi perbankan online.,
hapus aja keblokir terus padahal input bca id sama password sudah benar,
Aplikasinya bagus banget... gampang cara pakenya,
"Hebat,. mantap & keren BCA....!!!! Selangkah lebih canggih....",
tranfer.mutasi bagus tapi kalau tranfer antar bank susah mencari rekening yg di tuju,
"E banking... Sangat memudahkan saya dalam ber transaksi... Saya pass banget, BCA is ok",
Hati2 y..jangan di coba berulang2... Pulsa anda bisa ludessss aplikasi blm kondusif,
Verifikasi diri harus bayar...?.. nd jadi min.. cukup BCA Mobile aja.. diawal sdh ribet.. ntah selanjutnya gmn..,
mantap betulll... kereeeeennnnn abisssss........ update kurs nya tiap hari berguna bngt buat saya......ğŸ˜˜ğŸ˜˜,
Sip sangat membantu sekali Untuk kelancarannya,
Apk gak jelasssssss udah registrasi masih tetep gabisa masukkkk najissssssssss,
Sangat membantu yg punya 2 atau lebih rekening bca,
"Aplikasi ribet , ngabisin pulsa ga jelas !",
"Semenjak pakai myBCA rekening saya sering terblokir, padahal kode akses dan pin ngga pernah salah",
Aplikasi banking paling riweh sesi login berakhir mulu..,
Tambah di mudahkan untuk transfer dan liat mutasi rekening,
"INI APLIKASI TAK SEBANDING AMA BANK BCA.. INI APLIKASI KALENG KALENG PENYEDOT PULSA SMS,,, LOGIN AJA VERIFIKASI SMS PULUHAN KALI,,, GILAAA,, BENER BENER BIKIN EMOSI JA.",
"Bolak balek update, habis pulsa utk otp.. Haduhhh",
Cukup membantu ğŸ‘ Untuk notifikasinya masih lama kah?,
Ngeri nya bisa buka mutasi sampe ke tahun 2016 ğŸ¤£ğŸ¤£ğŸ¤£ğŸ¤£ğŸ¤£ğŸ¤£ BANK BNI loh cuma bisa buka mutasi bulan lalu aja 31 hari ğŸ˜ğŸ˜ğŸ˜ğŸ˜ğŸ˜ğŸ˜ğŸ˜ mandiri cuma bisa 6 bulan,
Ini kenapa verifikasi yg sms gagal mulu ya?,
"Tiba tiba keblokir, pdahal password udah bener. Parah bener2 ingin nguras pulsa",
"Gagal terus coba lagi, Sampai pulsa habis di sedot",
"Baik atm banyak tp kantor antri panjang, gmn cara naikan limit tranfer",
"Saran : Sidik jari , Ganti Kartu via Aps , Cardless . Verifikasi diri via cs sngt tidak efisien . Ganti nomor hp via aps",
"Udah bisa BI Fast, sekarang udah bisa bayar pake QRIS. Fitur fitur lainnya segera menyusul. I'm in love with BCA.",
APLIKASI PEMAKAN PULSA... Untuk masukkan id... nasabah di bebankan biaya sms..,
Sampe abis pulsa gk bisaÂ² login.,
Lengkapi fitur-fiturnya agar lebih memudahkan nasabah,
"Aplikasi ini sangat membantu aktivitas keuangan sehari-hari, pokoknye tob",
"Bagus,namun belum lengkap..harap dilengkapi biar tidak kalah sama bank sebelah..",
Sebelum disebarluaskan alangkah baiknya dicoba keseluruhannya.. Bnyak saya liat komentar komentar yang kurang baik. Anda mengenalkan aplikasi ini kepada konsumen harus lebih baik diutamakan diawal jangan menunggu menunggu komentar banyak kendala. Terimakasih,
"Udah 3 kali ke blokir sendiri, padahal gk salah masukin pasword atau apa, tau tau pas mau pake keblokir.",
"Mohon penghapusan daftar rekening bisa di pilih semua, jangan 1 per 1 hapus nya",
ini aplikasi apa'an mau daftar aja.susah klo emg gak niat gak usah nipu daftar aja susah apaan,
"Setelah nunggu sekian hari kerja, saya sudah noted kepada CS bahwa saya bisa dihubungi pukul 12.00 - 13.00 atau mulai pukul 16.00 ke atas... tiba tiba mereka tlp jam 09.00 saat saya lagi sibuk sibuknya kerja gak bisa buka hape (ini bukan salah saya) udah tlp CS lagi malah disuruh nunggu 2 hari lagi! saya kira BCA akan lebih praktis dibanding yg lain, ternyata perkiraan saya SALAH BESAR. Sistem ribet begini kalau terus dipertahankan nasabah bakal kabur. Sayapun akan berpikir ulang!",
Kirain udh lgkap fiturnya.. Trnyta masih cupu..,
Mudah2an kedepannya my bca bisa mengadakan fitur2 seperti MBca sebelumnya ..terima kasih,
Sangat mudah dan nyaman,
"SAYA MASIH MENANTIKAN UPDATE, MUDAH-MUDAHAN SECEPATNYA. TOLONG TAMBAHIN JUGA MENU CARDLESS... TERIMAKASIH MYBCAğŸ˜",
Semoga ke depannya login bisa menggunakan Sidik Jari atau sejenisnya,
Percuma di download g bisa registrasi.email tidak sesuai terus padahal dah bener.nyesel download buangw Kouta aja,
ditunggu untuk fitur-fitur selanjutnya ğŸ‘,
Bisa ga sms dihilangkan. Jika masih ada jgn potong pulsa,
Sama gak bisa aktif.dimintabsms Mulu bayar lagi.gilak ini,
Pulsa abis buat registrasi ujungnya gagal,
"Tidak bisa log in, kembali ke sms terus",
Memang BCA selalu memberikan yang terbaik. Sekarang jadi lebih simple.,
"Kedepannya mohon tambahkan fitur OneKlik, Flazz, dan sign in menggunakan biometrik",
"Mwntap ,tingkatkan terus",
Apakah mybca bisa tetap bisa di pakai walau nomor telpon kita cabut..klo mbca kan nda bisa tuh,
Fiturnya lebih lengkap..trms,
Kurang 1 ini info kartu kreditnya lagi nyari belum ketemu,
saran saya tolong tambahin tarik/setor tunainya biar makin bagus+banyak penggunağŸ™,
"Pulsa abis 50rb buat regristrasi, nunggu 5 hari, aktivasi di cancel,..... Parah mending jgn di download",
Aplikasi susah masuk verifikasi gak selesai.,
"Masih cacat, harusnya aplikasi seperti ini belum perlu untuk dirilis",
Ini apa bedanya sih dengan blu dan bca mobile,
"Waduh, kenapa id tiba2 terblokir ya? Padahal cuman sekali salah. Wah gak layak pakai klo kek gini. Parah lah...",
"Aplikasi ini akan menyedot pulsa anda, buang waktu & tenaga",
"kenapa saya baru instal trus saya klik gabung, trus saya udh isi..dan saya d minta no kartu ATM...kan saya baru gabung mana punya no ATM nya...gmn sie cara nya supaya bisa buka rekening online",
Ribet banget terlalu banyak kirim sms.. ngabisin pulsa.. Suruh telpon hallo bca dlu lgi,
Txn jadi gampang dan praktis,
Ribet verikasi buat aktifasi harus call hallo bca pulsa 50000 nguap verifikasi belum selesai putus,
"Untuk App Saya Kasih Bintang Satu, karena Ga jelas di bandung Mobile BCA",
"admin,,, kalo.m banking saya kblokir tp sdah daftar dan verifikasi myBca apakah tetap bisa",
"Overall bagus, tapi kenapa kok tidak ada pembayaran M-Payment di myBCA..?",
semoga lebih membantu dalam segala hal penggunaan nya,
Mau daftarin mbengking malah gk bisa nyedot pulsa gw smpe abis parah gila.,
Ini aplikasi maunya apa sebenernya ? Registrasinya ribet banget. Mau di pake atau enggak sih ?,
Sangat memudahkan dan praktis.,
"Kayaknya kalo fitur-fitur My BCA sama m BCA di satuin lebih keren deh,lebih simpel Semoga ajah kedepannya jadi satu",
"aplikasi GAK PRATIS, RIBET, JELEK ngabisin pulsa aja",
"Tks MyBca, sistem keamanannya oke bangettt.... Bisa mendeteksi perpindahan HP, tinggal verifikasi doang lwt HaloBCA ğŸ˜ğŸ¥°",
"Cukup memuaskan, saya bisa liat semua rekening bca saya dalam 1 aplikasi",
"Ribet, password terblokir harus nelpon. Terus aja ngirim sms tiap kali login. What a waste... .",
"Pulsa gua terkuras, mohon segera perbaiki.",
Bank lain pada bs fingerprint masa bca msh harus ketik password manual setiap login...,
Untuk saran di Mybca jika ada transaksi uang masuk bisa ada notif atau SMS,
"Di myBCA belum bisa bayar pinjaman,(F.I.F) atau pinjaman yg lain nya. Cuma bisa transfer doank...",
"Baru coba ,kalau gk punya npwp gimna ya ,mohon info nya",
Cukup baik pelayanannya,
Jelek masa iya harus reset password padahal inget,
Keren simple ga ribet,
Ingin daftar tapi bisa tidak tanpa kartu ATM,
"Mohon tambahkan fitur Cashless, terima kasih.",
Aplikasi perbankan paling ribet. Pindah device harus telfon call center nunggu 2 hari kerja... Ya telp 1500888 terus nunggu lagi... Itu yang disebut ribet,
"Keren Bank Yang Mendengarkan Saran Dan Kritik Nasabah Untuk Membuat Aplikasi Mobile Banking Yang Tampilan Baru Untuk Anak Anak Muda Milenial, Semoga Cepat Di Tambahkan Login Mengunakan Finger Print",
"Ribet, baru sehari login langsung ke blokir, pulsa habis nelpon cs nya ga konek ujung ujungnya pulsa yang abis payah",
Akhirnya aplikasinya good-looking juga..,
Kemudahan di dapatkan dan aplikasi ini bagus,
Di update mlh jd ga bsa ke buka ...padahal sebelum nya B aj,
Sangat bermamfaat di era digital sekarng,
Sangat Menunjang mobilitas usaha saya... nyaman...,
"Ga bisa kepake, cemen Gagal mulu waktu muat no atm",
Sangat bermanfaat...tapi penguna harus sangat hatiÂ²...,
"Mudah,jelas,cepat",
Aman gak sama data kita jika dimasukin nomor atmnya,
Masuk ga bisa2..menguras pulsa iyaaa.. jangan download..Rugiii...,
"Boro2 mau dipake, masukin nomer atm aja gagal trus ngabisin pulsa bberpa kali verif sms #auto balik ke mBCA",
Agak susah utk registrasi,
"Saya kasih bingtang 3,entar klo aplikasi ini bagus ,baru sy tambahi..tank's",
Tolong kasih fitur pengelola keuangan seperti app bank sebelah,
"Ok sangat membantu untuk transaksi, mohon ditambah lagi piturnya yg lain, terimakasih",
Alangkah enaknya jika My BCA ada fingerprint nya kalo login. Biar praktis.,
Akan lebih baik lagi apabila disertai fasilitas login dgn biometrik,
Saya jadi ragu nyimpan duit disini. Verifikasi ribet. Nunggu dah 1 bulan gak di respon. Nelp cs juga habis puluhan ribu gak ada solusi....,
"Bagus sekali, sayang masih pakai sms ....",
Lemot bgd pas upgrde my bca bru. Tolong dong di perbaiki.,
App 4n1nggg t0l0lll. Pulsa habis,
Mantap update lagi agar lebih menarik lagi,
Aplikasi BCA paling ribet. Klo udah bener nanti baru pake deh. Males bolak balik tlp halobca. Reset pin tlp halobca disuruh k CS. Nyampe CS disuruh k haloBCA. Kerennn... CS sangat membantu. Cuma tetep ribetttt... Akhirnya hapus ID. Nunggu 3 hr trus nunggu lg nunggu lg eror lg. Dah ah lelahhh sumpahhh.... Benerin dl deh proses,
"Fiturnya di tambahin, untuk pembayaran dll. Seperti bca mobile",
Cardless harus ada juga di aplikasi ini...,
Koq gk bisa masuk?malah suruh reset password??,
Saya suka saya suka. Semoga bisa login pake fingerprint,
Sangat bermanfaat,
Udah isi pulsa sampe 10 ribu gak masuk masuk. Kacau ini.,
"Tolol ihhh ,Mau Masuk nya Susah bgt di kirim Ke Email mulu tp Gak Ada Email ,malah ada Sms trussss 1 Sms 250 rp ,ngabisin Pulsa Aja ,Aplikasi Gak Jelasssss.,,.",
Bisaa Tolong segera di selesaikan fitur fitur yg lainnya supaya bisa di gunakan secepatnyaa ... terima kasihhhh BCA,
"My bca artinya saya punya BCA...sendiri, lah kenapa setiap bca masih ada main2 pemblokiran...kan ada KTP dan sudah mengenal saya... sekian dan terimakasih...",
Kenapa tidak ada menu pembayaran?,
Tiba2 terblokir... Coba reset id bolak balik kembali ke SMS terus... Via chat suruh tlp ke halo BCA... Ribet.....,
Kami dpt dgn mudah melakukan cek saldo maupun trasfer,
"Jadi ribet skrg mesti verifikasi ke hallo bca segala, bukanya dipermudah....",
Sekarang app bca kok sangat ketinggalan ya secara tampilan kecepatan Kalah sama bank Bumn,
e statement tidak bisa di download / kirim ke email,
Sedikit sedikit diblokir padahal baru juga masuk dan ga salah password. Tp dblokir,
Selalu terbaik pelayanan bank BCA. My BCA membuat transaksi online dr banyak kartu juga makin mudah.,
"Sudah aktivasi berhasil pas minta pin M BCA malah terblokir saya bingung, pdahal pin M BCA sama kok.",
Bintang 1 aja belum bisa BI fast ini..bank lain sudah bisa,
"Hanya utk yg udh punya ATM BCA, pelanggan baru tdk dibutuhkan di sini.",
Sekarang bisa cek rekening koran & semua rekening dalam satu aplikasiğŸŒ¹ğŸŒ¹ğŸŒ¹ğŸŒ¹ğŸŒ¹ğŸŒ¹,
"Emang mantap ini bank, inovasi teknologinya memang memudahkan. Ditunggu fitur2 berikutnya.",
Lebih mudah transaksi sekaligus 2 rekening,
Sangat membantu dan memberikan kemudahan untuk akses ke beberapa rekening BCA,
APK TERBURUK !!! DAFTAR SAJA SUSAH !!! BERAPA X SMS VERIFIKASI BARU BISA LOGIN ? KAU MAU GANTI PULSANYA ?,
setelah nonton riview Gadget in saya memutuskan untuk mencoba,
"Kenapa ga bisa login ya, ngapain sih harus sms dulu",
"Cuma yg paham pake apk ini ... Mantabbb dah selamat tinggal apk lama Good job bca ,ğŸ‘ğŸ‘ğŸ‘ğŸ‘ğŸ‘ğŸ‘",
"Bagaimana cara mengaktif kan my BCA, soal nya di coba selalu gagal dan gagal ajja.",
"Kenapa harus verifikasi diri lg melalui hallo BCA,atau nmr 1500888 yg sulit dan nyaris tidak bisa di hubungi",
Cepat dan lebih lengkap dengan menggunakan aplikasi my bca,
Sangat membantu dan bermanfaat sekali,
Sangat2 di butuhkan utk transaksi.,
"Kenapa setiap transaksi MyBCA saya selalu terblokir, selalu tlfn dlu CS nya yg habisin plsa. . Tolong dong diperbaiki biar kami nasabah BCA puas, apalagi sya yg tiap hari trasnaksi besar harus urus blokiran mulu. .",
Terlalu banyak makan pulsa,
"sejauh ini mantap, saling melengkapi sama BCA mobile",
"Kenapa ya sering terblokir? Sy sdh 3x hub halo bca utk buka blokir, hari ini lapor lusa sdh terblokir lagi Padahal ID dan pasw tdk ada yg salah sampai sy catat di buku. Mohon management bca memberi solusi supaya tdk terblokir terus menerus. Terimakasih.",
Ga bs top up flazz... Nanggung amat bikin aplikasinya...,
Verifikasi data saja lama pihak bca. Gk profesional,
Terlalu rumit proses daftarnya... Permudah jgn di persulit,
Sangat membantu praktis dgn wa nya.,
Sangat membantu lebih praktis,
Bagus.sukses selalu buat aplikasi bca nya,
"Kerennnn!!! sangat bagus dan sangat membantu, terima kasih",
Kenapa tidak bisa kirim sms dan login?? Tolong bantu saya,
"Bikin boncos pulsa tiap login verifikasi SMS mulu nyesel pakai beginian , nguras pulsa SMS 400 rp per login parah banget aplikasi macam apa ini",
Tida bisa login setelah mengirim sms verifikasi,
"Kenapa setelah pembaharuan malah gak bs dipergunakan, bs dikasih solusinya",
"Apk bgsat. Gw sms sampe 5x pulsa ke sedot 10k. Mnding ajh masuk. Ini mah ga mau masuk""",
"Kenapa saya tidak bisa masuk, saat kirim sms tidak bisa",
"Pulsa habis aktivasi gagal terus ğŸ˜­ Hapus deh,",
"Sering eror, sudah telp call center respon lama",
Mohon update untuk pembaharuan berikutnya. Verifikasi sangat menyulitkan.,
Semoga segera ada ya fitur qr code. Buat bayar cashless,
Fitur masih sepi,
Coba dulu ya,
Bikin jengkel dan gak bisa diakses.. sungguh bikin emosi,
Paling ringkas dan mudah di gunakan mantap...biar bisa tf tanpa regis ke cabang dong kk,
Pulsa habis selalu gagal login,
Terima kasih sudah menambahkan fitur login dengan biometrik,
masih elor udah brapa kali regestasi tapi jaringan putus terus,
Cardless witdrawal nya mana nih?,
Gajelas .mau log in aja susah .mana pulsa udh kepotong lagi,
Sangat buruk mengapa tiba2 akun saya terbelokir padahal says masukan Kata sandi benar baru masuk langsung terblokir,
Mudah dalam melakukan transaksi di myBCA,
"Sangat bagus aplikasinya.,TKS bcaku",
Apakah sore ini sedang Trouble?,
Sandi tersimpan sidik jari lebih memudahkan penguna,
"Sangat bagus, terbaik diantara sejenis",
"Sangat membantu, jaga keamanan & kepuasan konsumen yaah.. thx",
"Kaga ada apa apa, tiba tiba bca id keblokir. Dikata admin di balasan ulasan internet masalah, lah mbca aja dan buka semua situs yang lain lancar kaga ada masalah cuma mybca ini yang diblokir padahal kaga ngapa ngapain. Lucu template banget balesan ulasannya sekelas bca.",
"Parah ribet, lupa password aja pake tlp dulu padahal belum terblokir",
Semoga ditingkatkan lgi fiturnya,
Transaksi di Mbca tidak tercatat di mutasi mybca knp bisa bgtu ?,
"bahagiaaaaaa bangt,dikasih kemudahan lewat my bca ga usah antri lagi mau deposit berjam jam dengan sekli klik di my bca",
Sangat membantu,
"Masih bingung pakenya, kalau kita mau trf hr butuh token kah ? Dan tokennya sm or gak sm token int banking ya ?",
Aq slalu bangga menggunakan rek BCA cepat akurat dan nyaman. Terima kasih BCA.,
Tampilan lebih nyaman,
"tiap kali login,harus kirim sms berbayar 760,kalo 3x ya jelas malah bangkrut",
Cukup sulit penggunaan,
Solusi tepat gak ribet gampang d gunakan,
Daftar hbisin pulsa... Ujung2nya gagal.. Saya pke brimo n bni mobile.. Oke stiap transaksi.. My BCA hpus aja dri playstor,
Harus verfikasi terus tapi gagal terus hadeuh,
"Parah sih. Buka rek bca buat trx di mybca. Yg di dpt malah zonk. Udh buat bca id. Aktivasi di email. Call hallo bca. Wktu dftrin kartu atm diblg ops.. ada kesalahan. Disrh cb berkala. Smp sore ini jg msh ga bs akses. Call hallo bca,smp nsbh yg paksa input pengaduan nsbh (pic: Ayum/Ayom). Kesalahan di siapa? Sistem bca ato nsbh? Dr pagi buka rek dpn cs (pic: Indri - KCP semarang)-jam 18.25 jg tetep ga bs dftrin kartu atm nya. Hufttttt..",
Ga berguna.,
Repot habisin pulsa,
Sangat membantu,
Sangat membantu dlm transaksi online,
Ringkas dan sangat membantu,
Mau registrasi aja susah...,
Saya mau login ajah susah nunggu 2 hari ya gak ada respon,
Cepat Tanggap Pemblokiran Rek nya.,
Kalau sudah ada fitur bca flazz gass bintang 5. Percuma fitur standar2 aja.,
Sangat bermamfaat penunjang bisnis,
Sangat membantu kelancaran usaha.,
Pengen registrasi lagi tpi takut sering terblokir kya wktu itu. Repot ngurus ngurusnya,
Dikit2 minta SMS.. Login finger print aja g pake repot dan g pake potong Pulsa,
Pengalaman sy di saat mendarai mobil,
Ribet amat tidak seperti mbaking BCA mau pakai my BCA harus kirim SMS berapa kali jadi berapa kali pulsa kepotong dan harus verifikasi diri lagi di suruh telepon ke cs buang waktu sama pulsa aja,
"dah donlot gak bisa pakai registrasi pakai aplilasi my bca ini,wah payah ya",
Spert Bca Mobile dong klo Transfer ke bca digital fee biaya ini klo pakai my bca kena biaya,
Mudah dan singkat,
MANTAP...SEKARANG SUDAH BISA LOGIN PAKAI SIDIK JARI,
sarannya kalau bisa free by trf ke bank lain.,
Saran di mutasi rekening biar lebih jelas waktu transaksi d tampilkan jam menit detik.,
"Cara resert pin mybca dmana yah,, sya udh call hallo bca tp ttp nga bsa masuk k akun sya,, tlong kak admint d bantu..",
Nguras pulsa buat masuk doang,
Sering lepas dari akun kenapa ya,
Gabisa donwload mutasi,
Ekpresi bisa transfer 100juta,
Dg aplikasi sgat memudahkan bisnis kami mengelola finansial kami,
Bagus dan gampang di jalanin,
Praktis cepat jelas,
myBCA saya terblokir waktu menghubungi halobca malah di suruh nunggu lama trus tiba tiba telfon di matikan. Pelayanan nya kog gitu,
Sajauh ini enak pakai app my bca,
Apl inu sangat membantu sekali terima kasih,
Setelah berhari hari gabisa masuk akhirnya bisa juga,
Ops terjadi kesalahan silakan coba lagi,
Ternyata belum aktif.. Masih percobaan.. Ga bisa register...,
Keren banget 1 aplikasi untuk semua akun di bca,
kenapa saya tidak bisa tekan lanjut ketika daftar?,
Aplikasi terparah otp nya bolak balik..,
Oalah bca sudah benar aplikasi yg awal2 kenapa dibikin ribett eyy Payah....,
Masuk log susah banget,
"Saya kecewa menjadi nasabah BCA,pihak BCA memblokir Dana saya secara sepihak tampa mengklarifikasi dan mengkonfirmasi saya terlebih dahulu",
Aplikasi yang sangat membantu,
Sangat membantu sekali,
sudah regist kok regist teruss. mau login kembali ke menu regist ... hadehhh,
Sms terus ....kapan masuk aplikasinya aplikasi login pakai sms apa pakai Akun di permudakan lagi,
Bagus dan enak pake my BCA 2 rek bisa jadi satu aplikasi,
Mau ngirim sms verivikasi aja susah nggak bisa2,
Sangan luar biasa bca membantun,
"Tiap hari BCA id terblokir ! mau suruh nelp Cs Tiap hari gitu ?? Tolong perbaiki, belom ada 24jam sudah keblokir lagi tanpa alasan jelas !",
"Min kemarin aku coba instal lagi udah verifikasi pakai sms kenapa ujung"" Nya harus telp Call Center pulsaku habis verifikasi gagal ğŸ‘â˜¹ğŸ‘",
Kenapa tidak bisa login,
"Parah ini aplikasi,bikin ribet mau tf rp 2500 aja enggak bisa bisa mendingan dihapus aja",
sayang belum bisa buat bayar tagihan,
Semoga lebih bisa meningkatkan pelayanan nya pada nasabah,
"Setiap mau pake, hrs pake otp sms kode. Ribet.",
Sangat menguntungkan..terima kasih bca,
Bos gimana caranya untuk megakrifkan kembali pin yg terblokir mbangking. Mohon bantuannya bos,
Ayo segera ditambah fitur ya,
Bintang 3 dulu. Apakah aplikasi myBCA pengganti aplikasi BCA Mobile atau memiliki fungsi berbeda?,
Tidak bs dibuka update apalagi?!,
aplikasinya rusak ya nga bs buat transfer,
"Ini yg saya inginkan,bisa mengakses bbrp Rekening BCA cukup menggunakan 1 Akun",
Aplikasi sangat berguna sekali dan bagus,
"Sangat membantuu , sampaii sekarang tidak ada kendala. .",
tampilan yang lebih menarik,
Kurang oks daftar rekening baru hrs lewa t pulsa sms,
Tolong perbaiki sistemnya,
Mau login di suruh verifikasi ke 1500888 pas nelpon eh mbak operatornya nya bingung... My bca ini salah satu dari benerapa hal yg merusak citra Bank BCA ğŸ˜‚ğŸ˜…,
Saran update: tambahkan fitur fingerscan login,
Bca mobile versi lamanya mana ? Kok di pencarian playstore gak ada ?,
"Mempermudah ,satu aplikasi 2 rekening",
Sangat berguna limit transfer sampai 250jt,
Saran sih..bisa buka tabungan berjangka di my bca..biar lebih lengkap ajh..gtu...solusi untuk klik bca yg keblokir,
Saya ganti hp malah ribet tuk bikin mobile banking lagi BCA ID dan password ko tidak bisa lagi,
"mantab, aplikasi nya bagus .",
Tambah fitur login pakai fingerprint atau face id,
Masih bagus aplikasi yang lama ribet,
Luar biasa Bank BCA bertransaksi cepat dan nyaman,
"Mantap,, aktivasi Harus Call Hallo bCA yg Makan Pulsa gede..ğŸ‘",
Turun bintang dulu karena login harus konfirmasi dulu ke CS HaloBCA. Ribet dah mending pakai versi web saja...,
"memyusahkan verifikasi gak kelar"" di tlp ke halo bca di tanya lengkap berkali"" bosan saya!!",
Untuk setor tunai dan tarif tunai apakah tidak ada ?,
"Mantap aplikasi, sangat membantu ğŸ‘",
Kenaoa mesti begini sih mybca bikin ribet org aja...nyesel pake ini mau gampang malah tamvah ribet.,
"Mengulang, mengulang, dan mengulang... Hasilnya, nothing",
"Segala urusan perbankan jadi mudah dan menyenangkan, BCA Hebattt....",
Mantap pelayanan yang terbaik untuk masyarakat luas,
Baik juga sangat luarbiasa,
Jgn minta maaf bank baaank.. tpi betuliiin.. jgn nuieih ngap date bank baaank.. yg pake aplikasi BCA gk ada yg O'On.. kalopun ada yg rentaÂ² pasti d bantu sama yg mudaÂ².. yg pake BCA tuh bukan orgÂ² biasa,
"Tiba tiba terblokir aplikasi gajelas , gimana ini kalo terblokir begini",
Saat memasukan no.kartu selalu gagal,
Id bca dan paswoard salah trus suruh ulanh ulang.padahal menurutku sdah benar dan jelas !,
Terima kasih saya jadi begitu mudah bertransaksi,
Sukses terus buat BCA no 1 layanannya TOP bgd,
Pelayanan sangat bagus,
Payah minta sms register terus tiap buka apk ini,
Mudahan fitur Cardless segera ditambahin,
Sangat membantu sekali,
"Buruk sekali, gak bisa di gunakan",
password dan id di anggap salah kenapa ya?,
Gak biaa login malah menguras pulsa,
"Hp sama nmer sama buat ap dibuat susah tinggal vermuk saja kl salah pin ,maaf kl salah menilai",
Cs nya sama konfrim ngg ramah bgtğŸ‘,
Susah registrasi gagal terus ngabisin pulsa,
Ganguan terus mau login tapi pulsa di sedot apk gembel,
"Keren sih, cuman harus modal pulsa",
Kalau bisa tarik tunai dari mybca ok nih. Fitur dr bca mobile pindah sini semua gimana?,
"Registrasi berulang ulang,tetap aja jawabannya email salah",
Mau tanya bca mobile sama my bca apakah sama fungsi nya untuk transfer juga?,
"Aplikasi ribet, kebanyakan verifikasi",
Aplikasi Mybca sangat bagus...sangat membantu,
"Keren bca,, makin mudah kontrol bbrp norek di 1 aplikasi Segera di update lg agar bisa menikmati fitur yg ada di mbanking bca di mybca",
Udah kirim sms aktivasi tapi gak ada masuk email. Nyesall kali taii,
Aplikasi ini memberikan yang terbaik buat bisnis saya,
Semakin jelek aja........,
Kenapa ya padahal saya masukin password benar ko keblokir ??,
Aplikasi sangat bagus,
Ditunggu untuk fitur selanjutnya,
Tambahkan fingerprint donk min,
"Oalahh aplikasi tolol..sudah aktivitasi, minta aktivasi lagi ğŸ’©",
Gk jelas. Tau tau di blokir ajh. Tolong dong jangan seperti itu.. gk ada pemberitahuan apa apa. Tau tau di blokir aja. Di suruh tlp ke costumer servis bca,
"Bagus, saya lebih digunakan dalam bertransaksi",
siapa yang download aplikasi ini sesudah nonton video david gadgetin ??,
Kenapa Saya Tidak Bisa Daftar & login myBCA,
Terus saja verivikasi sms . Ampe abis pulsa,
"BCA HEBAT,,TERIMAKASIH BCA,,ğŸ™ğŸ™ saya merasa sangat terbantu dengan aplikasi ini",
"SAYA TIDAK ADA GANTI DEVICE SAMA SEKALI MALAH DIMINTA VERIF ULANG. TELFON KE HALOBCA KATA CS TERDETEKSI DEVICENYA BERGANTI. SAYA BILANG KE CS, TIDAK ADA DEVICE BERGANTI SAMA SEKALI. JAWABANNYA : TETAPI DATA DISINI MENUNJUKKAN DEVICENYA BERGANTI. KECEWA BENER KECEWA MANA PROSESNYA SAMPAI 2 HARI DAN MENUNGGU DITELFON BALIK. SAYA BUTUH CEPAT UNTUK MELAKUKAN TRANSAKSI TETAPI KENAPA BISA SEPERTI INI YAA TOLONG TANGANI INI JIKA TIDAK INGIN APLIKASI INI UNDER RATING",
Saya suka dgn bank bca ini,
ENAKAN YANG LAMA SETELAH KIRIM SMS LANGSUNG BISA TIDAK PERLU HUBUNGI BCA KARNA MEMPERSULIT DAN MALAH BIKIN RUGI PULSA,
"Tambahin login pake finger print dong, kaya toko sebelah",
Dibuat bisa login pake fingerpint spy ky app bank digital yg lain,
"Susah mau verifikasi id, dah 2x gagal terus",
"Bagus, hanya saja belum bisa menggantikan M-Bca",
Aplikasinya keren dan sangat bagus,
Cara registration nya gimana sih gagal mulu,
User id keblokir mulu. Padahal ga lg dipake dan ga salah password.. Ckckck,
Mengapa tidak ada login dengan sidik jari?,
"Aplikasi bagus . Terus berinovasi BCA, demi kenyamanan Nasabah",
Bagus lohh. Tampilanya lebih kerenn..,
"Pas msukin no krtu atm knpa ya gagal trus min ,nomer juga yg di mskin buat verifikasi no yg terdaftar di m-banking",
bagus skl pelayananja. menanggapi,
Habis pulsa ku mau login ga bisa terus,
"Good, ga pernah kecewa sama BCA",
Apa bedanya sama mbangking ? Klo sama tp lengkap saya mbangkingnya mau di hapus,
"Klau blm punya ad ,atau rekening lama yg sdah lama tdak d pakai msih bsa daftar gx ,wkt tu udh nyoba tpi gx ngerti sma nama id yg d mksud",
Aplikasi terburuk yg pnh saya coba. Kalo bgini trus sy mau pindah bank,
Daftar awal aja udah ribet,
Ribet banget dah masukin pin key kode padahal dah bener ampe salah 3x keblokir akhirnya,
Mohon solusinya bapak/ibu saya kan ganti HP kalau lupa nicknamenya gmn ya.. apakah harus ke bank atau gmn.. mohon feed backnya terima kasih,
Aplikasi bagus Tapi kok Bca id saya terblokir? Yowes pake aplikasi BCA yg 1nya aja. Bye bye mybca,
Keren aplikasinyaa... bca makin terdepan makin jayaa ... ğŸ˜ğŸ˜,
ganti perangkat malah di suruh verifikasi via call smntara mau isi pulsa hrus login dlu ke my bca / mbca .. haish pdhal tinggal minta verif KTP aja kya app bank sebelah .. dah lah .. males,
"Bagus lebih Enak dari M-BCA, Meski ada Fitur yg nunggu Update Scan QR",
Menarik dan memudahkan,
Ok tp sayang menu pembayaran blm ada.,
Tambahkan dari saya semoga Bisa ada menu Ambil uang seperti M.bangking BCa Mobile ..di tunggu update terbaru nya ..Tks,
"Kenapa BCA ID saya di blok ? padahal gak ngelakuin apa2 ,",
Fitur qrbcode jya ga bisa dipake ya,
Belum coba baru Download aplikasi. Jadi blm bisa kasih ulasan,
Aplikasi tidak berguna sama sekali,
Semoga fitur cardless segera di adakan Dan login nya di permudah,
Mantap dan keren. Sukses selalu...,
"Unfaedah, lemot,angel, ribet ruwet bla bla bla",
"Sulit sekali mengaktifkan my bca, pulsa saya sampai habis menelpon halo bca, menegecewakan saya kasih anda bintang 1 ğŸ‘",
"Bagus, bisa dua rekening sekaligus",
Pagi... Veripikasi berkali2 susah...apa harus ke ktr bca atau call bca centre...? Tq,
Saya ingin bertanya gmn cara login kembali ketika no id sudah terblokir. Terima kasih,
"kesel banget verifikasi diri diharuskan via telfon, membenani biaya kenapa nggak verifikasi via muka atau via kode OTP saja sih",
Masuk ko lewat sms terus pulsa saya jadi banyak kepotong,
Tampilan menarik,
"Kenapa mesti pake sms sih kalo perkara transfer, ribet :((",
"Sudah bagus, tapi belum komplit.",
"Baru download ,,sudah salah password 3X makan pulsa terus ,,aplikasi yg ,,,?",
Lebih bagus dari bca mobile,
Kata nya lihat di email ternyata gak ada,
Tidak bisa login,
"tolong dibuka untuk fitur"" barunya",
Butuh cek transaksi beberapa bln yg sudah terlewati.,
"Tinggal tambahkan featur buat bayar tagihan..PDAM, Listrik, dll",
MOHON DIPEREBAIKI MASA IYA SAYA BARU INPUT USER ID DAN BARU MAU KETIK PASSWORD KETERANGAN USER ID TERBLOKIR! SUDAH 2X BEGINI PADAHAL GA SALAH INPUT USER DAN PASSWORD NYA.... SAAT KE TELLER BCA PUN TELLER MENGAKU DIA JUGA 4X TERBLOKIR PADAHAL USER ID DAN PASS BENAR,
"Penghapusan iuran tahunan kartu kredit BCA sekarng dihapus,jadi kena iuran tahunan,kalo mau tutup aja CC bca karna tidak bisa hapus iuran tahuna",
Tambahin fitur tarik tunai donk,
Kekurangannya TIDAK BISA LOGIN DENGAN SIDK JARI ğŸ˜Œ,
Mau tanya bua admin. Apakah akun BCA Mobile juga bisa Login disini?,
hp saya nga suport sama my bca sekarang saya nga bisa tf menggunakan mobile bca karna hp saya jadul jadi tidak suport sama my bca,
"Mantap, sangat membantu",
Kalau bisa fitur BCA mobile pindahain ke mybca biar mudah buat stor/tarik tunai tanpa kartu atm,
karena aplikasi dipisah2 gini meribetkan nasabah dalam layanan perbankan bca,
Cepat dan mudah,
"Memudahkan dalam bertransaksi dengan aman, tetep terbaik untuk BCA",
Ditunggu pembayaran via scanner qrisnya.,
Gila nie mybca....makin keren aja fitur2+tampilanya,
Bagus dan sangat puas,
Tidak bisa login,
Sangat bagus aplikasi myBCA nya,
"Usah banget untuk masukan no kartu atm,abis pulsa abis waktu,",
Ga bisa login. Ngabisin pulsa doank buat sms,
"Gajelas deh minta otp sms terus, gimana deh sekelas bca ko aplikasinya seperti ini",
Terblokir terus bru juga telp cs ud d benerin bsokny sekali percobaan langsung terblokir,
Tiba - tiba terblokir harap menghubungi hallo bca. Apa yang salah ya udah pakai beberapa kali??,
bagus dan praktis,
"Akhirnya, tidak perlu nunggu lampu hijau lagi ğŸ˜†",
Ribet amat login perangkat lain harus kirim sms kena Pulsa,
Tambahkan setor dan tarik tanpa kartu,
G bisa lihat riwayat transaksi Udah gitu saldo kepotong,
Mau pindah dari mBCA ke myBCA ribet.masih harus verifikasi ke hallo BCA..jadi gak jadi pindah deh...ngabisin pulsa.,
"Tiba""terblokir,padahal nggak ada yang salahğŸ˜­ dan bisa di buka lg berkat bantuan halo BCAğŸ™ğŸ»",
Pelayanan nya sip bisa berkomunikasi dengan pihak bank dan bisa mencari informasi tentang my BCA.... Terima kasih my BCA ğŸ‘ğŸ‘ğŸ‘ğŸ‘ğŸ‘ğŸ‘ğŸ‘ğŸ‘,
Kasih bintang 3 dulu pakai fitir jari donk kak kayak bank lain...nanti saya kasih bintang 5,
Aplikasinya oke semua rekening dan investasi ada di mybca,
Selalu top. Tingkatkan terus dalam melayani masyarakat.,
Apakah harus di letakkan di sim1 supaya bisa gunakan mybca? mohon jawab!!!,
Sumpah demi apapun kerennn banget...... pakai banget ...,
Good aplikasi..gmpg chek semua posisi keuangan bca ku..tmbh deposito online secara mudah praktis..thx BCA,
"Rek TabunganKu BCA tidak bisa registrasi myBCA , tolong diubah kebijakannya.",
Sistem sedang pemelaharaan? Gitu aja terus,
Apa perbedaannya d aplikasi My BCA dengan Aplikasi BCA Mobile? Apa bisa transaksi Intra Bank dengan MY BCA?,
Tidak bisa login,
"Membantu, aktifkan fiktur transfer pak biar lebih enak",
Kok gak bisa login punya gue,
Belum ada menu cardless,
BCA ID TIBA2 TERBLOKIR PADAHAL PASSWORD SUDAH BENAR. TOLONG SEGERA PERBAIKI. TERIMAKASIH,
Aplikasi ruwet komplain no respon,
Boss update huawei app 1.3 belum kah??,
Untuk bisa verifikasi nya gimana ya,
TIDAK bisa Aktifasi. RIBET Banget...,
"Saran top up flazz bisa dari my bca,biar kaya kompetitor yang bumn",
"Ribet mau login aja harus hubungi haloBCA. Lebih buruk dari BNI, MANDIRI, BRI. Bahkan MyBCA paling buruk",
Saya tidak ada yang salah tibaÂ² terblokir kan aneh,
Lsg download..koneks n lsg bs digunakan.. sukses selalu BCA,
Memudahkan dalam semua transaksi. Terimakasih BCA telah membuat aplikasi myBCA lbh unggul dari aplikasi perbankan lainnya. #support,
"Selalu ber-inovasi terus buat Bank BCA, Selalu berusaha memberikan yg terbaik buat para nasabah nya.. Terima kasih..â˜ºğŸ‘ğŸ»ğŸ‘ğŸ»ğŸ‘ğŸ»ğŸ‘ğŸ»",
Susah sekali daftarnya? ribet bejibun,
"Ko ahir ahir ini sring ke blokir tiba tiba yah,,,bulan ini ada kalai 5/6kali ke blokir...heran",
Fitur top up flazz kapan min?,
Terlalu banyak minta kirim sms...,
Knp aplikasi my bca nggak bisa di buka ya..,
Qr sama notif nya di aktifin dong,
My bca sangat bagus tapi knapa id saya di blokir,
Knp selalu BCA.id terblokir? Buang buang pulsa aja telpon halo BCA tp gaada solusi benerin ke cabang cuma bener sehari aja.setelahh bener malah keblokir lg.,
Keren habis. Install juga ngga pakai ribet. User Friendly. Selamat tim IT BCA,
Lebih canggih enak pakainya,
Bagus tp 2x salah pin langsung keblokir,
Saya daftar dri hari selasa belum ada verifikasi dri pihak bca Mna ngabisin pulsa,
"Ga Jelas, Baru tadi siang aktivasinya masa sekarang keblokir",
Baru reg ..selesai... nyoba masuk gagal mulu.. pasword id keliru.. diulangi ampe lucinta luna jadi cowok gagal mulu,
Gabisa login ngabisin pulsa doang.,
Gak tau kenapa tau2 aplikasinya ke blokir disuruh tlp ke halobca haduh ribet,
"Bintang saya ubah dari 3 jadi 5 saya puas., Setelah pakai 1 bulan",
Mudah dan nyaman,
"Sudah urus ID keblokir terus.. sudah telp HALO BCA, hari pertama bisa akes, setalh jth keblokir lagi sudah diuris skg sudah lancar",
apakah aplikasi ini berbayar tiap bulannya? tolong jawab,
Sudah seperti bank digital. Top ğŸ‘.,
Ganti hape harus verifikasi ulang lewat halo bca? Ribet amat aplikasi bank satu ini ğŸ™„,
tambahkan fitur cardless,
"Lah verivikasi diri anda mulu, udah tinggal masuk. Udah nelfon hallo bca cuma ngabisin pulsa doang",
"Tolong di tambah,pembayaran, listrik, kartu halo, pdam, dll",
Gak bisa login,
Terus terusan kirim sms buat aktivasi,
Mantap dgn myBCA segalanya jadi mudah...terima kasih,
"Aplikasi gax guna,, ngabisin pulsa",
Mantap walaupun belum sempurna...,
Tolong adakan utk pembelian pulsa.,
"Mau masuk lagi malah terblokir, ga jelas banget....",
lemot. susah transaksi!!,
"Males bgt dilempar, mau verifikasi by.chat ga boleh ttp harus call cs juga.. Jd males mau pake apps inilah",
Lbih memudahkan dlaam transaksi dlaam nominal besar,
"Mau login aja harus Verifikasi, giliran ditelfon buat ngomong sama CSnya ""maaf CS sedang melayani customer lain bla bla bla"" Habis pulsa saya 20k, eek betul Akhirnya saya tau arti rating *1",
Saya ksh bintang 3 dulu yh klo bagus sya ksh bintang y 5,
"Cara isi Pulsa , bayar cicilan , bayar token dimana sih",
Coba install aplikasi ini karena liat review david gadgetin. Haha ğŸ˜†,
Cara menghapus daftar tranaferan gimana ya bos,
Ribet banget verifikasi nya najis gausah si download mending,
Kirain saya aja akun yg bermasalah. Ternyata problem bersama...,
Sdh bbrp hr mbanking mutar muter mulu ktnya sdh bs di pake ini sdh hr ke 4 g bisa2,
S3makin di depan trs.. sukses,
ribet sih kalo mau login,
Lebih maju dan semakin lengkap...maju terus BCA ku,
Ini baru bisa ada perbaikan,
Sekarang bisa pakai 2 Rekening sekaligus dalam 1 Aplikasi,
Anjir habis pulsa 20 rb..... Lumayan buat beli makan... Bangkeee,
Entah kenapa ID sya di blokir sepihak,
Memang keren Bank BCA ini selalu mendengarkan kebetuhan nasabahnya.,
Belum.bisa isi flash,
"Akhirnya selamat datang qris my bca, ditunggu fitur atur kartu di my bca.",
Gagal terus koneksi nomor kartu ATMnya,
Aplikasi yg bagus. Sangat membantu,
Dgn mybca txn yg diinginkan lebih luas dapat di lakukan mll hp ğŸ‘ğŸ‘ğŸ‘,
"BCA selalu memudahkan nasabahnya, terima kasih",
Sya mau tranfer ke no rekening bca. Tpi kok sya di suruh kirim sms lgi.....????,
Tidak bisa di akses,
"CAKEP, Bisa pakai Dua Rekening BCA sekaligus dan bisa liat Mutasi rekening perbulannya..",
Ini kenapa tidak bisa diupdate?,
Blm download bikin id nya gmna ya kak,
VERIFIKASI GAGAL TERUS.. PARAH.. GAK RECOMENDED BANGET,
"Verifikasi terus ya,,,,Allah abis pulsa aq",
Lebih mudah login di MBCA. Semoga bisa di perbaiki.,
Pendaftaran yang ribet. Lempar sana lempar sini kayak main bola..,
Cara menghubungkan 2 rekening bagaimana ? Mohon bantuan nya,
Ini kenapa saya tidak bisa daftar ya,
MyBCA lebih sulit mengaksesnya daripada BCA Mobile,
Livin' by Mandiri tetep terbaik.,
Semakin memudahkan segala transaksi perbankan,
Makin Makin keren si BCA thankyou..,
Kirain bakal ada saldo masuk otomatis boskuğŸ™,
Tiap hari terblokir tiap hari tlp cs hadeuhh..ğŸ˜¥ ada apa ini dengan aplikasiğŸ¤”,
"Bagus sih, tapi tiba-tiba id my bca ke blokir. Gimana jadinya?",
Tambahin fitur bayar pajak PPN untuk perorangan mau pun perusahaan ya,
Login mybca susah benar perlu pulsa bnyk,
Mudah dalam menggunakan nya,
"sy abgai ibu rt,sangat membantu u memudahkan pembayaran2 tdk harus pergi ke atm ,terima kasih my BCA ğŸ‘",
Kapan bisa login pake sidik jari??,
"Buktikan kalau apk ini sudah matang,,",
Sangat memudahkan pengguna,
Sangat bagus dan membantu,
Bagi yg punya rek bca lbh dr 1 wajib pakai ini,
Verifikasi aja susah. Habisin pulsa aja,
Keren... lebih ditingkatkan lagi myBCA nya,
Vitur pembayaran belum tersedia...,
Ribet...ga jelas Pulsa w habis cuma wat verifikasi Sompret,
Kapan ini ready nya fingerprint login ?,
Pernah jdi marketing lapangan,
Pake mybca asik ga perlu pakai token. Yg saya mau tanyakan bagaimana cara hapus daftar transfer no rekening?,
"Kok ga bisa registrasi , pdhl smua sdh di isi",
"Lebih Baik & Puas menggunakan "" MyBCA "" ini .. ğŸ¥°ğŸ‘",
aplikasi nya mantabb bagus,
"Ngga masuk akal nih, masa idnya terblokir padahal sandinya udah benar",
Aplikasi mohon dilengkapi ya bos,
Rating aplikasi nya langsung berubah drastis semenjak direview bang David GadgetIn,
Knp nih Salah sekali masukin password langsung ke blokir bca id saya,
"BCA luar biasa,,terimakasih BCA. Dengan inovasimu sangat membantu saya,,,",
Kok saya gak bisa registrasi,
login harus pke sms? bank lain gpke sms2an buat login tlg bgt,
Kalau ditmbah fitur2 sperti yang di mobile bca tambah manta0,
"Min, kok BCA ID saya keblokir ya? Aneh nya saya g' pernah memblokir BCA ID saya sendiri.",
Top up Flazz di myBCA bisa ga? gabisa yaa senggol dongğŸ™ğŸ¤­ğŸ˜,
Lebih fresh dan enak ini dari m-bca app,
Mantap. Mudah dan aman,
"SANGAT MENGECEWAKAN NGABISIN PULSA AJA , UDAH DIAKTIFASI MASIH AJA MINTA AKYIFASI, SAYA SARANKAN JGN DOWNLOED",
Bca semakin mudah & semakin maju,
Sangat mantap pkonya jooooos,
Kereen Banget senang dari dulu pakai bank bca mantap selalu inovasi terus kereen 1 apliksi sinkron semua mantUlll superr Gtoo doank ini namanya BANKğŸ¥°ğŸ¥°ğŸ¥°ğŸ¥°,
Keren. Selalu terdepan dalam melayani nasabah.,
ngeribetin sudah buka deposito di my bca taunya akun terblokir terus tlp ke bca terus buang2 pulsa. ngeselin bgt,
"GAK BISA REGISTRASI, BUANG2 PULSA...",
Sangat membantu .. pertahankan,
Nyaman sih dgn app ini,
Sudah punya id BCA tapi tidak bisa login ke akun my BCA,
Pagi ka .. mau nanya BCA id itu nomor id yg mana ya,
Knp harus memakai pulsa gak tau LG penting,
Kenapa saya tdk bisa2 downlod my bca. Tlg bantu saya mks,
Habis pulsa kalo SMS terus ğŸ˜‚,
Ga jelas masa mw masuk aja harus sms dan pake pulsa ribet bgt jngn dwonlod ntr nyesel,
Cepet prosesnya tidak perlu SC tfn,
Aplikasi ini sangat membantu bisnis online saya. ğŸ‘,
"Membingungkan, ga ngapa ngapain malah BCA ID terblokir",
Praktis dan aman..,
Download ini garaÂ² ads by Daniel Mananta menarik ğŸ˜,
Ini aplikasi paling bagus,
"Ribet & Lama, sudah cukup menjelaskan",
"Bingung deh mau ngomong apa, sesuai bintang aja..",
Lebih lengkapi lagi Permudah,
Aplikasi kereen banget.....ğŸ˜€ğŸ‘,
Perbedaannya aplikasi ini dengan BCA Mobile apa ya ?,
Buang buang pulsa verifikasi trs masuk kga pulsa kepotong iya,
Bikin pusing padlan paspor gk slah malah bacaan slah trs,
Aplikasi Sangat membantu ğŸ™ğŸ™,
Ko kartu ATM saya selalu di bilang nomer salah mulu ya,
"Diminta update,,susah bgt masuk nya",
"TERLALU BUSUK APLIKASI NYA, LEBIH BAIK PAKE M-BCA",
Sarannya tambah fingerprint.,
"APLIKASI PALING JELEK,MENGAKTIFKAN SAMPAI BERHARI HARI SAMPAI SEKARANG TIDAK AKTIF2.NGAKU NYA SUDAH ME HUBUNGI SAYA LOGIKA NYA DI MANA TIDAK DI ANGKAT.GIMANA BISA TERHUBUNG KALAU CARA BCA MENGHUBUNGI CUMAN PENCET NO SAYA BEGITU TERSAMBUNG LANGSUNG DI OFF ITU NAMA NYA FORMALITAS CARI PEMBENARAN SEOLAH2 MENGHUBUNGI SEBENAR NYA TIDAK MENGHUBUNGI PENCET NO TERHUBUNG LANGSUNG DI OFF YA JELAS ADA LAPORAN SUDAH MENGHUBUNGI DI TELPON NYA,ITU SAMA SAJA PEMBOHONG AKAL2AN SUPAYA DI ANGGAP KERJA",
Cara ganti nomor hp di bca id nya gmn ya? Karna nomor yg sdh terdaftar hilang ğŸ™ğŸ¾,
Untuk menggunaka BI Fash pake aplikasi mana,
Payah ga bisa buka pakai sidik jari,
Masih gak bisa Registrasi Akun sya,
Sangat membantu dalam proses finansial pribadi saya,
Sangat Membantu Usaha Saya,
Kenapa saya tidak bisa masuk kr my bca saya,
Mohon Update Fitur Print Agar bsaa Buat Trnsksi Perbankan...,
mantap sangat berguna,
kaya mandiri livin donk ga ribet sing penting punya rekening ...wisss,
"Ribet, mau login harus kirim sms ğŸ˜‚",
Setiap ganti password harus hubungi bca,
Ga bisa di upgrade,
Sering eror ketika masuk,
Kenapa ini saya ga bisa aktivasi?,
Bca id tidak tersedia terus :),
Kenapa tidak di jadikan satu aplikasi saja ?,
Top keren mantaf.,
"Bru msukin pin 1x tau"" terblokir padahal pin udah benar tp lngsung trblokir Suruh ngurus ke bank lagi g bkin mudah mlah nyusahi",
Sayang sekali belum ada fitur MhCommerce spt di Mobile BCA ğŸ˜”,
Aplikasinya cuman buang2 pulsa doang,
Tiap masukin nomor kartu atm gagal terus,
Butuh waktu 3 hari untuk verifikasi,
Fitur masib minim banget,
Ini knpa eror saat di butuh kan,
Rekening RDN tidak masuk aplikasi ini ya..,
Ok mantap aplikasinya!!!!!!!!!!!!!!!!!!!!!!!!!!!!,
Login susah asuuu sampai pulsa guwa hbs. . . Perbaiki lah. . .,
Baik dan cepat,
Memudahkan dan bermanfaat,
Min tambahkan Fitur TOPUP NFC buat E-MONEY dong,
Aplikasi nya bagus banget,
Apakah bisa daftar mybca tanpa kartu BCA?,
Jelek. gampang ke blokir. bagusan BCA Mobile,
"Ribet bgt, sudah reg selesai trus d suruh verifikasi hallo BCA, menghubungi hallo BCA sibuk trus pulsa Sampe habis",
Sepertinya mudah,
Sangat membantu sekali,
Sangat membantu transaksi keuangan saya,
Aplikasi ini sangat membantu sekali,
Mengecewakan.....ribettttttt kali mau registrasi aja bintang 1 udah topppp,
"Membantu sekali,sukses utk BCA.Mantap",
Mempermudah hubungan bisnis.,
Belum bisa cashless di ATM,
Ribet banget sih daftarnya,
email tidak terdaftar saat buat akun??,
Kok gak bisa dibuka terus?,
"Aku saya kok gak bisa di login,Tolong solusinya",
Sangat membantu adanya Mybca,
"My BCA Terhormat mau tanya, Apk Paypal apa bisa menerima transfer dana ke Rekening BCA, ğŸ™ğŸ™",
Semoga kedepannya bisa scan QRIS,
Cepat anti lemot,
Sy baru dowlond mana tau bisa langsung daftar pinjaman,
Sangat membantu sekali,
"Sangat membantu,,,",
"Tingktkn keamanan,thanks",
"Mantap,simpel n ga ribet....",
Verifikasi diri harus melalui telpon langsung ke halo bca,
Saran saya tambahkan beberapa fitur lagi,
Belum ada terhubung kartu kredit BCA,
Klo BCA tabunganku bisa tdk pakai aplikasi ini,
Sangat memudahkan... Bravo BCA,
Sangat TIDAK MEMBANTU,
Buat beli pulsa ngga ada ya,
SUMPAH.... SEBESAR BCA APLIKASINYA KYK ABAL2. DIKIT2 BLOKIR. PDHL SEMUA SDH BENAR. HRS BELAJAR SM BANK MANDIRI. SIMPLE DAN GK RIBET. INI DIKIT2 BLOKIR DAN HRS BER-ULANG2 TELP KE HALO BCA. AUTO TUTUP BCA DAN UNINSTALL. BIKIN RIBET !!!! MENDING PAKAI MANDIRI AJA,
QR nya kapan bisa :(,
Aplikasi aneh.. g seperti yg lainnya,
Makin bikin sulit pelanggan saja,
Sangat mengecewakan,
Mana Login FINGERPRINT nyaaaaaaaa???? Bank BUMN dah ada semua loh.,
Knp susah sekali verifikasinya,
Aplikasi yang bagus sekali ğŸ‘ğŸ‘,
Bagus luar biasa....ğŸ‘,
"Gila sekali log in 7800, sekalian aja 10000. Tolong di gratiskan yah",
Apa bisa pake 2 aplikasi dalam 1 hp BCA mobile dan my BCA,
Apa bisa buat tranferan bos,
Sering terblokir tanpa alasan yang jelas,
Cpt.mudah dan lengkap.,
Pokok nya keren dah,
Tingkatkan terus,
Begitu mudahnya dgn mybca,
pasti yang bikin anak magang :v,
Belum coba sudah saya rating 5. Semoga aja dapat membantu,
Kita bisa akses seluruh rekening kita di BCA via aplikasi myBCA,
APLIKASI MASIH BETA KO UDAH DILAUNCHING,
"Kita coba dulu ya,mana tau ok kita tambah lgi bintang nya.",
terburuk sepanjang masa menggunakan mbanking,
Kenapa BCA id saya terblokir saya ga pernah ngapa ngapain ?,
Verifikasi ribet lama,
tiap login minta sms terus,
Apa bisa dipergunakan dari tabungan bisnis?,
"Sudah berhasil, thanks HaloBCA. Gbu.",
Masih banyak kekurangan,
Tinggal disempurnakan lagi. Apa yang bisa dilakukan transaksi di Mobile Banking atau Internet Banking juga bisa dilakukan di My BCA,
Penyempurna BCA Digital ğŸ’™,
Susah login muter2 trs,
"APLIKASI HARAM,YANG ADA HABISIN PULSA DOANG GAK ABIS PIKIR SAMA MYBCA BINATANG",
Memudahkan,
Transksi lebih mudh,
Apakah BCA SYARIAH bisa pakai aplikasi ini ?,
Aplikasi serba wow...,
Apk ini woww Benar Benar Bermanfaat ğŸ‘,
Semoga dipermudah prosesnya,
Baru login terblokir.. lucunya,
"Mantap, maju terus bca",
Alhamdulillah Sangat membanty,
Ayo lengkapin lagi fiturnya,
Bagus neh aplikasi..,
Lengkap pokoknya.,
Sangat menyenangkan,
semoga engga errorblocir lg.. aamiin,
Ok banget n lengkap...,
Sangat membantu,
Cepat & aman,
Lebih mudah daripada m-banking,
Sumpah keren MyBca.. jadi bangga bisa jadi nasabah BCA ğŸ˜˜ğŸ¤©,
Cek sistem bug,
Apa download.nya harus pake wifi,
Tampilan lebih segar,
Sangat membatu sekali,
Tolong tambahkan pembelian pls dll,
Akhirnya bisa bi fast,
Trimakasi sudah membantu untuk transaksik menabung ke BCA,
Sangat sangat membantu,
PAYAH.. LOGIN PASSWORD & USERID SUDAH BENAR MALAH DIKATA SALAH & ENDINGNYA KEBLOCK... MENDING FOCUSKAN KE APLIKASI LAMA AJA BUAT PENYEMPURNAAN TIMBANG TAMBAH APLIKASI MALAH BUSUK KESANNYA TIDAK KONSISTEN TERHADAP LAYANAN,
Sangat sangat membantu aktivitas saya...,
Cukup bagus m bca,
Perbaiki tuh id tiba2 terblokir sialan amat apk cacat ngabisin pulsa aja ajim,
Sangat bermanfaat,
Kaga Jelas udah Buang2 Pulsa Masih ja Gak Bisa2,
BCA tidak pernah berhenti berinovasi,
Susah banget dowlodnya,
Susah verifikasinya,
Sangat membantu,
Semoga apkasinya gk mengecewakannn,
Mantap .cepat & aman,
Tidak bisa masuk,
Bagus sekali,
Sulit msk aplikasi,
Kasi bintang 5,
"Semoga lancar myBCA saya,Amien@",
BUKA REKENING MAHAL AMAT!,
semoga bisa membantu aku,
Tolong di bantu,
Bagus sekali,
Di tunggu update nya ..,
Pelayan bca memuaskan,
Hari ini error. Ga bisa trf.,
Mantaf bisa transaksi lumayan,
Best sanggat membantu,
Kblokir trus cape baru sekali masukin sandi langsung kblokir,
Membantu bngt krn punya 2 rek.... Aman2 aja,
Luar biasa....1 aplikasi untuk semua rekeningğŸ¤©ğŸ‘love you BCAğŸ¥°ğŸ¤©,
Mantul tapi lemot,
"Saya baru mau daftar, ko di minta no ATM bosss ?",
BaikÂ² selalu membantu,
Tiba-tiba ID di blokir.!,
Sangat membantu,
"Ribet, ruwet, mbulet, bikin males..dan akhirnya uninstal",
Masih banyak kekurangan,
Applikasi luar biasa mantapp,
BCA memang selalu number one ğŸ˜ŠğŸ‘ğŸ‘ğŸ‘,
Kapan updatenya ini?,
Mantap bagus saya suka,
Tranfer antar bank jadi lebih murah cuma 2500k,
Min verifikasi sms gagal terus padahal mbca aman,
"buang buang pulsa, akhirnya malah suruh telp halo BCA",
Banyak fitur nya.,
Sangat bermanfaat.,
Leren. Sangat membantu,
Klo bagus aq tambahin bintang nya,
Lebih mudah cpt,
Sangat bermanfaat,
Mudah mengerti,
sama2 apk gajelas bank asia ini mbanking tf aja gabisa,
Bagaimana cara menambahkan lebih dari satu nomor rekening??,
Bank terbaik di Indonesia,
Sangat membantu.,
Di tunggu update nya,
"Cek nomor kartu atm terus, padahal no kartu sdh benad",
Abis di upgrade malah gajelas nlpn bca ampe pegel mulut,
Sangat Membantu,
Sangat membantu,
Super Lengkap App dari BCA,
Di mybca saya kok ga ada pilihan BI fast ya?,
Ga bisa login,
semoga fitur yang ada di BCA mobile diadaptasi di myBCA,
"Mantap saya jadi punya pengganti m-banking direkening saya yang Satunya,,, Terimakasih BCA ğŸ¥°ğŸ¥°ğŸ¥°ğŸ¥°ğŸ¥°ğŸ¥°ğŸ¥°ğŸ¥°ğŸ¥°ğŸ¥°ğŸ¥°ğŸ¥°ğŸ¥°ğŸ¥°ğŸ¥°ğŸ¥°ğŸ¥°ğŸ¥°ğŸ¥°ğŸ¥°ğŸ¥°ğŸ¥°",
Isi'nya...SMS Melulu...,
Mantap lah pokoknya,
verifikasi lama bangey telfon ke halo bca,
sangat membantu,
Sangat membantu,
Sangat membantu,
Sangat membantu,
Sangat membantu,
Mantap aplikasi nya,
Sangat membantu,
ğŸ‘ğŸ‘ğŸ‘....semuanya. OK. ..berpungsi normal,
Sangat bermanfaat,
ngabisin pulsa aja bisanya,
sangat membantu,
Sejauh ini mantap BCA partner terterterter keren pokoknya,
Bca banking sangat membantu usaha bisnis....,
Sangat membantu,
Untuk bayaran anak kamiya aku minta tolong dg siapa ya,
Untuk perluan saya My BCA Terbaik keren ğŸ˜€ğŸ˜€,
Daftar ko malah diblokir kacau,
Sangat bergunağŸ‘ğŸ‘ğŸ‘ğŸ™,
Aman dan nyaman,
"Ribet, banyak verifikasi :<",
Sangat membantu,
Sangat membantu,
Sangat memuaskan,
Sangat membantu,
Sangat membantuğŸ‘,
Sangat membantu,
KARTU KETELEN DATENG KE CABANG KATA CS NYA HARUS DIHAPUS KARTUNYA BARU BISA DIGANTI BARU DAN HARUS KE TEMPAT ASAL PEMBUATAN. GAJELAS BIKIN RIBET AJA GA GUNA,
Bos ATM sy ilang dan sala lupa no kartu No kartu nya gimn ya,
Coba bisa daptar m bank king oline ngga ya.....!?,
Sangat membantu,
Terus improve ya,
Mantul lebih komplit,
Kalau nau regis bca ID harus udah punya m BCA ya?,
Verifikasi emailnya gamasuk2 ğŸ˜¡ğŸ˜¡ğŸ˜¡,
Aplikasi yg sangat tokai,
Baik sekali sangat membantu,
Sangat membantu,
Selalu dihati,
Ribed banget sih sekarang BCA? Segala harus ke atm bca lah . Dikasih B5 biar orang lain tau BCA sekarang ribed,
Sangat membantu,
Sangat memuaskan,
Ditunggu Bifast nya diaplikasiğŸ‘,
Sangat memuaskan,
Sangat membantu,
Mantap aplikasi dana nya ğŸ‘ğŸ‘ğŸ‘ğŸ‘,
Selalu yg terdepan... Mantul lah..,
APLIKASINYA BAGUS. HARUS DI KEMBANGKAN LAGI. LEBIH SUKA INI TAMPILANYA MODERN.,
Sangat membantu,
Fitur My BCA makin lengkap. Keren lah,
Bi Fast sudah bisa di myBCA saya kasih bintang 5,
Ko gk bisa di buka ya,
Bagus.proses aktipkan RIBET..GA..SIMPEL,
Untuk pembayaran dimana ya? Seperti yang di mbca,
Suka-suka akulah.,
Lebih gampang kelola rekening,
Ribet.. Updet melulu kalo mau di pake.,
Sangat membantu,
brp limit tranfer antar bank kartu debit platinum dari aplikasi mybca?,
Aplikasi yg bagus,
Tetap dipertahankan,
Sangat membantu,
Sangat membantu,
Sangat memuaskan,
Aplikasi ok banget,
masih agak ribet,
Kenapa mau login akun baru myBCA Harus verifikasi diri melalui menghubungi halo BCA ?,
Sangat membantu,
Baru download sudah terblokir,
Ditunggu fitur Login via Biometrik.,
Ditunggu updatenya â¤ï¸,
Lumayan membantu,
Akun BCA tidak bisa kebuka,
Verifikasi nya ribet,
BCA tabunganku apa bisa menggunakan fasilitas my BCA?,
Sangat memudahkan ..,
Keren bisa brapa rek bersamaan..BCA sll yg terdepan,
Kurang topup flazz,
Menyimpan uang /U/buka Rekening Di BANK BCA (BANK CENTRAL ASIA),
Paling keren dehhh,
Berapa kali buat bca id gagal terus Parah,
Ribet jangan diinstalğŸ‘,
BCA semakin mantap!,
Banyak manfaat nya,
Aplikasitiba2 tertunda,
Daftar gagal terosss...,
Sangat membantu,
Sangat membantu,
MAkasih membantu sekali...,
Baik d cepat,
Bca id nya apa ? Ko ga bisa,
aku baru dowlot aku kasi bintang 3 dulu klw baqus aku kasi bintang 5,
Untuk membuat akun my BCA apa harus ke bank ya,
Apa kelebihan Mybca dibanding mbca?,
Apk gk jelas banget,
Sangat berguna,
Sangat membantu,
Selamat malam maaf mau bertanya bedanya BCA mobile dgn my BCA apa yah,
pelayanan buruk dr pagi tggu tlp verifikasi myBCA eh malah d batalin ğŸ˜¡ğŸ˜¡ .. seenaknya batalin laporan tnpa telepon gk profesional ğŸ‘ğŸ‘ğŸ‘ğŸ‘ğŸ‘ğŸ‘,
Mantaap lebih mudah dan canghih,
bagus.. oke lah...,
Saya hanya mau tanya utk masukin no rek yg lain bgmn,
Keblokir tanpa sebab,
Bedanya sama BCA mobile apa min?,
"Mantap BCA, Saya mau EDC BCA ğŸ˜",
3bintang dlu kl bgus sy tambahin lg,
Gk bisa register knp yh,
Gak jual beli mata uang asing,
Mantap aplikasinya,
Mantap banget cuyyyğŸ‘ğŸ‘,
Sangat membantu saya,
Tolong dipermudah,
Akhirnya keluar juga,
Buang2 pulsa buat sms,
Bisa transfer banyak,
BAGUS !!! FITUR LOGIN FINGERPRINT NYA MANA???,
Semakin di depanğŸ‘,
tiba2 akun terblokir g tau knp,
Keren aplikasinya,
Kok lama prosesnya,
Aplikasi ya ringan,
Habis 30K gagal trus mengaitkan dengan Nomer ATM,
Sangat berguna,
Pembayaran dengan QR code kapan,
Ok banget Mantap,
Semakin mantap,
Senan dan sangat mudah aman Tq BCA,
Tolong aktifkan transfer saya,
Cepat up datenya,
Pelayanan di cs Cirebon lelet,
Terima kasih BCA atas pelayanannya,
Kesini makin mantep...,
"Ok, enak pakai nya. ğŸ‘",
Mantap bca..trus peningkatan,
Gagal wae duh ieu teh . Bikin ID.. pdhlmah da sdh btul min,
respon lelet susah buat id bca,
ID MyBca saya diblokir oleh pihak bank,
My bca saya terblokir gimna cara mengakses ulng untuk memakai my bca lgi,
mudah transfer ke sesama BCA,
Akses ke mybca di tolak,
Aplikasi yg mantap,
Bca kok gk simpel sih. K,
Semoga tambah bermanfaat,
Mantap.. Pokoknya,
Gimana caranya ingin tau saldo di ATM BCA saya? Terimakasih.,
"NGK JELAS,MO DAFTAR NGK BISA2 ANEH AKHIRNYA UNINSTAL AJA DEH...",
Ngga bisa login,
Membantu sekali,
Baru mencoba download,
MyBCA BAGUS SEKALI. SANGAT BAIK.,
APLIKSI BEJAD CUMAN KURAS PULSA PENGGUNA !!!!!,
Baik servisnya,
Gagal login muluk,
Kenapa keteranGan Bca Id diblokir,
Membantu sekali ğŸ¤,
Bank bca sangat memuaskan nasabah,
Bagus..sangat membantu,
Bagus app nya,
hubungan atwa kampirmasi saya gada ttp di cch str kcch warung ku wrung dmn atuh sbgai2orang,
Semoga maksimal,
Mudah digunakan,
Bedanya sama BCA mobile apa? Yang bikin myBCA lebih unggul apa?,
Bujangenam ni mybca,
Cukup menegangkan,
Bagus sekali,
Maksimalkan bosku,
Menyenangkan,
Bikin id kok gagal terus,
"Satu kata saja ""RIBET""",
Perlu perbaikan,
MantapğŸ‘ğŸ‘ğŸ‘ BCA memang slalu di depan,
GANGGUAN TERUSSSSSSS !!!!!,
Kurang memuaskan,
Sekelas BCA Ternyata Ribet bgt system nya,
Mudah digunakan,
"myBCA, Mantap Oke, Keren.",
BCA gak ada lawan.......josss gandos,
Ngatur keuangan dlm genggaman,
Login harus hubungi bca call,
"Kesini gara"" bang david gadgetinğŸ˜",
Keren. Ini yg saya tunggu.,
Tumben sekelas BCA rekrut team IT nya tolol,
"Transfer aja kudu pake pulsa,,,hadeh my BCA payah",
Berharap bisa menyelsaikan mslah..,
Saya mau coba dlu ...ah,
Mantap djiwaaa,
Aku hanya punya BCA,
Ok banget aplikasi mynbca,
Baik sekali,
Baik sekali,
Bagus sekali,
Baik.Memuaskan,
Bca oke bgt,
Tiba tiba bca id terblokir,
JANGAN PAKE BI FAST DANA SAYA KETAHAN 50JUTA TF PAKE BI FAST KEPENDING MALAH DANA KETAHAN SAMPE 2MINGGU,
Ribet bolak balik hbisin pulsa,
Berguna bagi orang yang sibuk,
Tidak bisa QRIS,
BANK plat merah mah jaauuuuuuh....,
Makin keren aja BCA,
4 dlu.. Klu reges gampang tambah5,
Saya Bangga menjadi Bagian dari BCA ğŸ”¥ğŸ”¥ğŸ”¥,
Membantu banget,
Inovasi luar biasa,
"Kereen, pulsa saya habis",
Bagus terpercaya,
Bank Asia terkeren,
masa percobaan,
LAYANAN 24JAM HALO BCA (0811 2818 40),
Dekat dengan kediaman saya,
BCA...SELALU UPDATE..MAKIN KEREN,
Terima kasih BCA.,
Baru na coba ya,
Min.....tambahin fitur jual beli emas,
Meludah kn bertransaksi,
Jayalah selalu BCA,
Bagus sekali,
Membantu sekali,
Memudahkan cek account di BCA,
Membantu sekali,
Knpa tidak bisa di donlod,
myBCA Saya Suka.,
Tidak pernah hang,
Uang Masuk Sinyal Kntr.DSDR,
Semoga lebih baik,
Terima kasih Bca.,
Jos banget sangat membantu,
Terus kembangkan,
Aman terpercaya,
Enakan bca mobile,
Ga bisa di pakai,
BCA LUAR BIASA,
Sering banget apdet,
Bagus dan inovasi,
Makin yakin sm bca,
Pokok e...polğŸ‘,
"Mantap, inovasi terkini dari BCA",
Gabagus nih app nya,
Kayaknya boleh coba,
"Ribet,, Gx kaya mbca",
Mantul sekaliğŸ‘ğŸ‘ğŸ‘,
7 rekening dalam 1 HP. ğŸ‘ğŸ‘,
Bca terbaik ğŸ¥°,
Gabisa regritasi su,
luar biasa bca,
my bca memang oke,
Lupa nak bisa,
Koqgabisabuka aplikasi mybca,
Penggunaan ribet,
Mantaap betul BCA,
baik sekali,
Memang yg terbaik,
mash enakan mBCA seriusan,
AG dan berdoa dan,
Bingung bgst gua,
PIN MYBCA DI BLOKIR,
Yg terbaik,
Sngt memudahkan,
Ok ok aja bro,
Ok bnget sip,
Mntap pokok ny,
Blm sy ciba,
Hmm..bingung jadiny,
Dicoba dulu,
Sangt suka BCA,
Saya baru coba,
Suip tenan,
Ko aku terbelokir si,
Memudahkan,
Sudah oke aplikasi nya ğŸ‘ğŸ‘,
Sangat baik,
Good,
gimana cara upload my bca,
Verif email aja error,
Kereeeeennnn deh,
perfect,
Buruk,
Aplikasi eror di s20 fe Android 12,
Good job,
Sangat bagus,
Mantap,
Mantap,
ğŸ˜ŠğŸ‘ğŸ‘ğŸ‘ğŸ‘ğŸ‘,
"GrandUpdate dong,masa BCA jauh tertinggal dengan yg lain.Terlalu ribet jika dibuat pilihan antara MyBCA dengan BCAmobile punya lebih dari 1 Rekening BCA kudu 2 HP utk transaksi finansial yg komplit.Pakai 1 Aplikasi MyBCA utk 2 rekening namun transaksi finansial gak fleksibel masih minim fitur walaupun ada penambahan baru.Buat semua transaksi finansial di 1 kesatuan Aplikasi gak perlu dipisah seperti sekarang,ada BCAmobile ada pula MyBCA jadi pemborosan,gak banget dah BCA !",
"Harus nya di tambahin fitur buat top up dana, gopay, shopeepay dll. Biar simple",
Sangat membantu dalam management manay di my Bca,
Ada rekening koran tiap bulan. Woww... Thanks a lot.,
Tidak bisa download ataupun share e-statement,
Verifikasi susah,
Susah login,
It work,
Mantap abis,
Bagus,
good,
Ok,
Exelent,
bagus,
Gg4,
ğŸ‘,
Puas pake my bca,
Very good apk,
My BCA.. Good,
Sangat mebantu sekali,
Mantap BCA,
Good.,
Ok,
Good,
mantap,
Ok,
Guud,
Ok,
recomended,
Bagus,
Baik,
This app so dope,
Keren...,
Ok,
Good,
Good,
Sudah diselesaikan sama cs hallo bca,
Very Good.,
Oke...ğŸ‘,
Komplit bagus,
Sukses selalu,
Kurang lengkap,
Top Selamat,
Oke mantap,
Ok Google,
5Ugu7,
Ok,
Mantap,
Keren,
Puas,
Good,
Top,
Ok,
Berguna,
Mantap,
Ok,
Lancar,
Ok,
goog,
Mantaaaap,
Kereeeen,
Profesional,
Baguss,
Kenapa my bca belum ada SHOW QR info,
Gagal input no ATM,
Excellent <3,
Excelent... epic,
Verry Good,
Ok bgt,
sabgat bagus,
stuck loading,
The best,
Kurang canggih,
Ok.,
Terbaik,
mantap,
Istimewa,
Ok,
Bagus,
Good,
Mantap,
Jos,
Bagus,
Good,
Good,
Ok,
oooookkkkkkkkaaaaaayyyyyyy,
Mantab,
DJ,
ğŸ¥°ğŸ¥°ğŸ¥°ğŸ‘ğŸ‘ğŸ‘,
Lemot,
ğŸ˜´ğŸ˜´ğŸ˜´ğŸ˜´ğŸ˜´,
"Ke log out terus, HELPPPLLLL",
Good,
Ok,
Nyaman,
"MantaapppğŸ‘ğŸ‘ğŸ‘ TOLOOOONG,. DITINGKATKAN LAGI",
loading lemot,
Baru nyoba,
Hebatttt BCA,
Jos,
ok,
bagus,
Gokil,
Terbaik,
Good,
Bismillahirrahmanirrahim,
Not easy to use,
Thank You Nice App,
Ok,
Good,
Good,
Ok,
Ok,
Ok,
Ok,
Ok,
Nais,
